mtllib materials.mtl
v -0.01032624 0.3221889 0.2531036
v 0.07529014 0.3221889 0.2301627
v 0.07528999 -0.6778105 0.2301608
v -0.01032642 -0.6778106 0.2531017
v 0.1379657 0.322189 0.1674872
v 0.1379656 -0.6778104 0.1674852
v 0.1609066 0.3221891 0.08187079
v 0.1609064 -0.6778103 0.08186889
v 0.1379657 0.3221893 -0.003745615
v 0.1379655 -0.6778101 -0.003747523
v 0.07529014 0.3221895 -0.06642115
v 0.07528999 -0.67781 -0.06642306
v -0.01032625 0.3221895 -0.08936197
v -0.01032643 -0.67781 -0.08936393
v -0.09594268 0.3221895 -0.06642115
v -0.09594284 -0.67781 -0.06642306
v -0.1586182 0.3221893 -0.003745556
v -0.1586184 -0.6778101 -0.003747523
v -0.181559 0.3221892 0.08187079
v -0.1815592 -0.6778102 0.08186889
v -0.1586182 0.322189 0.1674872
v -0.1586184 -0.6778104 0.1674852
v -0.09594262 0.3221889 0.2301629
v -0.09594277 -0.6778105 0.2301608
v -0.1292417 0.4121889 0.1505272
v -0.07898208 0.4121889 0.2007868
v 0.05146378 -0.7278105 0.1888926
v -0.01032639 -0.7278106 0.2054491
v -0.1476379 0.4121891 0.08187139
v -0.1292417 0.4121894 0.01321566
v -0.07898217 0.4121894 -0.03704387
v -0.01032636 0.4121894 -0.05544007
v 0.05832946 0.4121894 -0.03704387
v 0.108589 0.4121894 0.01321566
v 0.1269852 0.412189 0.08187139
v 0.108589 0.4121889 0.1505272
v 0.05832946 0.4121889 0.2007868
v -0.01032636 0.4121889 0.219183
v -0.06720336 0.4521891 0.1147096
v -0.04316436 0.4521891 0.1387485
v -0.07600221 0.4521892 0.08187175
v -0.06720336 0.4521893 0.04903388
v -0.0431644 0.4521893 0.02499485
v -0.01032653 0.4521893 0.01619601
v 0.02251133 0.4521893 0.02499485
v 0.04655027 0.4521893 0.04903388
v 0.05534914 0.4521892 0.08187175
v 0.04655027 0.4521891 0.1147096
v 0.02251133 0.4521891 0.1387485
v -0.01032653 0.4521891 0.1475474
v -0.04764345 0.4621893 0.1034167
v -0.03187147 0.4621893 0.1191887
v -0.0534164 0.4621893 0.08187187
v -0.04764345 0.4621894 0.06032705
v -0.03187151 0.4621894 0.04455507
v -0.01032659 0.4621894 0.038782
v 0.01121837 0.4621894 0.04455507
v 0.02699032 0.4621894 0.06032705
v 0.03276324 0.4621893 0.08187187
v 0.02699032 0.4621893 0.1034167
v 0.01121837 0.4621893 0.1191887
v -0.01032659 0.4621893 0.1249617
v 0.09669739 -0.7278104 0.1436589
v 0.113254 -0.7278103 0.08186877
v 0.09669739 -0.7278101 0.02007854
v 0.05146378 -0.72781 -0.02515495
v -0.01032642 -0.72781 -0.04171169
v -0.07211664 -0.72781 -0.02515495
v -0.1173502 -0.7278101 0.02007854
v -0.1339068 -0.7278103 0.08186877
v -0.1173502 -0.7278104 0.1436589
v -0.07211657 -0.7278105 0.1888926
v 0.02616009 -0.7478104 0.1450653
v -0.01032639 -0.7478104 0.1548417
v 0.05287006 -0.7478104 0.1183553
v 0.0626466 -0.7478103 0.08186877
v 0.05287006 -0.7478101 0.0453822
v 0.02616009 -0.7478101 0.01867235
v -0.01032642 -0.7478101 0.008895814
v -0.04681291 -0.7478101 0.01867235
v -0.07352285 -0.7478101 0.0453822
v -0.08329937 -0.7478102 0.08186877
v -0.07352285 -0.7478104 0.1183553
v -0.04681286 -0.7478104 0.1450653
v 0.01121855 -0.7578103 0.1191857
v -0.01032637 -0.7578103 0.1249586
v 0.02699053 -0.7578103 0.1034137
v 0.03276345 -0.7578102 0.08186877
v 0.02699053 -0.7578102 0.06032389
v 0.01121855 -0.7578102 0.04455191
v -0.01032637 -0.7578102 0.03877902
v -0.03187129 -0.7578102 0.04455191
v -0.04764324 -0.7578102 0.06032389
v -0.05341616 -0.7578102 0.08186877
v -0.04764324 -0.7578103 0.1034137
v -0.03187126 -0.7578103 0.1191857
v -0.03602903 0.0905807 -0.07173437
v -0.03594171 0.0961746 -0.07584506
v -0.009233847 0.09444499 -0.07763147
v -0.009321168 0.08885109 -0.07352078
v -0.03618489 0.09897542 -0.08219272
v -0.009477034 0.09724581 -0.08397913
v -0.03669342 0.09823287 -0.08907652
v -0.009985566 0.09650314 -0.09086293
v -0.03733103 0.09414566 -0.09465194
v -0.01062317 0.09241605 -0.09643835
v -0.03792688 0.08780909 -0.0974251
v -0.01121902 0.08607948 -0.09921145
v -0.0383213 0.08092105 -0.09665287
v -0.01161344 0.07919145 -0.09843928
v -0.03840862 0.07532716 -0.09254217
v -0.01170076 0.07359755 -0.09432858
v -0.03816544 0.07252634 -0.08619452
v -0.01145758 0.07079673 -0.08798093
v -0.0376569 0.07326901 -0.07931072
v -0.01094905 0.07153928 -0.08109713
v -0.0370193 0.0773561 -0.0737353
v -0.01031144 0.07562649 -0.07552171
v -0.03642344 0.08369267 -0.07096213
v -0.009715587 0.08196306 -0.07274854
v -0.05688375 0.08510292 -0.07724714
v -0.0564684 0.09144413 -0.07445186
v -0.05714235 0.08100533 -0.08284533
v -0.05717483 0.08024919 -0.0897463
v -0.05697253 0.08303726 -0.09610105
v -0.05658968 0.08862245 -0.1002068
v -0.0561288 0.0955081 -0.1009634
v -0.05571342 0.1018492 -0.09816808
v -0.05545485 0.1059469 -0.09256995
v -0.05542235 0.1067029 -0.08566886
v -0.05562462 0.1039149 -0.07931411
v -0.0560075 0.09832966 -0.07520837
v -0.0764363 0.09782386 -0.07822818
v -0.07562767 0.103979 -0.07512051
v -0.07690842 0.09403062 -0.08402348
v -0.07691759 0.09361553 -0.09095341
v -0.0764613 0.09668994 -0.09716123
v -0.07566181 0.1024301 -0.1009835
v -0.07473336 0.1092978 -0.101396
v -0.07392474 0.1154528 -0.0982883
v -0.07345259 0.119246 -0.09249306
v -0.07344346 0.119661 -0.08556306
v -0.07389973 0.1165867 -0.07935524
v -0.07469922 0.1108466 -0.07553297
v -0.08896694 0.11351 -0.0748536
v -0.08804695 0.1197348 -0.07192034
v -0.08936065 0.1095401 -0.08053529
v -0.08912268 0.1088885 -0.08744293
v -0.08831675 0.1117301 -0.09372568
v -0.08715877 0.1173034 -0.09770006
v -0.08595906 0.124115 -0.09830111
v -0.08503906 0.1303395 -0.09536773
v -0.08464536 0.1343094 -0.08968616
v -0.08488333 0.1349608 -0.08277845
v -0.08568925 0.1321193 -0.07649565
v -0.08684725 0.1265461 -0.07252133
v -0.09457955 0.1292249 -0.0822624
v -0.01690744 0.08819044 -0.07332474
v -0.01629038 0.09379554 -0.07737422
v 0.01039103 0.09267843 -0.07485503
v 0.00977397 0.08707321 -0.07080549
v -0.01557712 0.09660673 -0.08368182
v 0.01110429 0.0954895 -0.08116257
v -0.01495874 0.09587085 -0.09055734
v 0.01172265 0.09475362 -0.08803809
v -0.01460098 0.09178472 -0.0961585
v 0.01208043 0.09066761 -0.09363925
v -0.01459967 0.08544362 -0.09898454
v 0.01208174 0.08432639 -0.09646529
v -0.01495516 0.0785464 -0.09827822
v 0.01172625 0.07742918 -0.09575897
v -0.01557222 0.07294118 -0.09422868
v 0.01110919 0.07182395 -0.09170943
v -0.01628548 0.07013011 -0.08792114
v 0.01039593 0.06901288 -0.08540189
v -0.01690385 0.07086599 -0.08104563
v 0.009777546 0.06974876 -0.07852638
v -0.01726162 0.07495201 -0.07544446
v 0.009419784 0.0738349 -0.07292521
v -0.01726294 0.08129323 -0.07261842
v 0.009418473 0.080176 -0.07009917
v 0.030258 0.08579397 -0.0729655
v 0.03008002 0.0794673 -0.07581854
v 0.03006056 0.07541132 -0.08145279
v 0.03020477 0.07471216 -0.08835834
v 0.03047407 0.0775578 -0.09468508
v 0.03079629 0.08318543 -0.0987376
v 0.03108504 0.09008718 -0.09943014
v 0.03126299 0.09641373 -0.09657705
v 0.03128248 0.1004699 -0.09094286
v 0.03113824 0.1011688 -0.08403724
v 0.03086895 0.09832323 -0.07771051
v 0.03054675 0.09269559 -0.07365799
v 0.05064309 0.09623885 -0.07298285
v 0.05088431 0.09005821 -0.07613558
v 0.05111468 0.0862838 -0.0819577
v 0.05127245 0.08592665 -0.08888912
v 0.05131537 0.0890826 -0.09507257
v 0.05123192 0.09490609 -0.0988512
v 0.05104443 0.1018366 -0.09921247
v 0.05080318 0.1080171 -0.09605968
v 0.05057281 0.1117915 -0.09023762
v 0.05041504 0.1121485 -0.08330619
v 0.05037209 0.1089926 -0.07712269
v 0.0504556 0.1031692 -0.07334411
v 0.06456041 0.1105672 -0.0692777
v 0.06490016 0.1043042 -0.07225388
v 0.06503081 0.1003615 -0.07796651
v 0.06491739 0.0997951 -0.08488482
v 0.06459028 0.1027571 -0.09115511
v 0.0641371 0.1084538 -0.09509724
v 0.06367931 0.1153587 -0.09565485
v 0.06333953 0.1216215 -0.09267855
v 0.06320888 0.1255643 -0.08696604
v 0.06332231 0.1261305 -0.08004767
v 0.06364939 0.1231685 -0.07377732
v 0.06410262 0.1174718 -0.06983525
v 0.07713506 0.1165887 -0.07356274
v 0.07549471 0.2044508 -0.0797267
v 0.08360058 0.1980127 -0.07988584
v 0.07939774 0.1917502 -0.04060328
v 0.07129186 0.1981883 -0.04044414
v 0.08744672 0.1884654 -0.08099639
v 0.08324385 0.1822027 -0.04171389
v 0.08600253 0.1783668 -0.08276087
v 0.08179966 0.1721041 -0.04347837
v 0.07965499 0.170423 -0.08470643
v 0.07545212 0.1641604 -0.04542392
v 0.07010493 0.1667626 -0.08631176
v 0.06590205 0.1604999 -0.04702926
v 0.05991125 0.1683662 -0.08714676
v 0.05570841 0.1621037 -0.0478642
v 0.05180538 0.1748043 -0.08698761
v 0.04760253 0.1685418 -0.04770505
v 0.04795927 0.1843518 -0.085877
v 0.0437564 0.1780891 -0.0465945
v 0.04940346 0.1944504 -0.08411252
v 0.04520059 0.1881877 -0.04483002
v 0.055751 0.2023941 -0.08216697
v 0.05154812 0.1961315 -0.04288447
v 0.06530106 0.2060546 -0.08056164
v 0.06109819 0.1997919 -0.04127914
v -0.07043713 0.2102112 -0.08383214
v -0.06224765 0.2040614 -0.08534652
v -0.06000336 0.1973553 -0.04597658
v -0.06819282 0.203505 -0.0444622
v -0.05830872 0.1946629 -0.08717197
v -0.05606441 0.1879568 -0.04780203
v -0.05967575 0.184534 -0.08881938
v -0.05743146 0.1778277 -0.04944944
v -0.06598248 0.1763885 -0.08984733
v -0.06373818 0.1696823 -0.05047739
v -0.07553899 0.1724092 -0.08998036
v -0.0732947 0.1657031 -0.05061042
v -0.08578466 0.1736622 -0.08918285
v -0.08354035 0.1669561 -0.04981291
v -0.09397413 0.179812 -0.08766848
v -0.09172983 0.1731058 -0.04829854
v -0.09791307 0.1892104 -0.08584303
v -0.09566876 0.1825043 -0.04647309
v -0.09654602 0.1993395 -0.08419561
v -0.09430173 0.1926333 -0.04482567
v -0.0902393 0.207485 -0.08316767
v -0.08799501 0.2007787 -0.04379773
v -0.08068278 0.2114642 -0.08303463
v -0.07843848 0.204758 -0.04366469
v 0.02366987 0.4978614 0.07406592
v 0.01935339 0.5025508 0.148991
v -0.07012187 0.507062 0.133431
v -0.06580536 0.5023724 0.05850583
v 0.02809471 0.4591988 0.06661767
v -0.06149514 0.4513202 0.06194949
v -0.06581162 0.4560096 0.1368746
v 0.0237782 0.4638883 0.1415428
v -0.1123895 0.4856509 0.1284521
v -0.1056579 0.4347682 0.1300161
v -0.09869561 0.4333885 0.05515611
v -0.1054271 0.4842707 0.05359209
v -0.1709592 0.4264113 0.1160356
v -0.1584843 0.3766093 0.1170059
v -0.1473113 0.3779596 0.04265714
v -0.1597861 0.4277613 0.04168683
v -0.1987035 0.343043 0.107183
v -0.1882596 0.2927823 0.1059259
v -0.1748609 0.2974137 0.03207856
v -0.1853046 0.347674 0.03333569
v -0.2287692 0.2864008 0.1543452
v -0.2208073 0.3319731 0.1421427
v -0.1882981 0.3265364 0.1462626
v -0.1962599 0.2809641 0.1584651
v -0.2082756 0.3645126 0.1093821
v -0.1757663 0.359076 0.113502
v -0.1945318 0.3753005 0.06484169
v -0.1620225 0.3698639 0.06896156
v -0.1832585 0.3614463 0.0204559
v -0.1507493 0.3560096 0.02457583
v -0.1774766 0.3266618 -0.01188201
v -0.1449674 0.3212253 -0.007762074
v -0.1787352 0.2802678 -0.02350724
v -0.146226 0.2748313 -0.01938725
v -0.1866971 0.2346957 -0.01130474
v -0.1541878 0.2292591 -0.007184744
v -0.1992288 0.2021561 0.02145582
v -0.1667196 0.1967195 0.02557582
v -0.2129726 0.1913682 0.06599629
v -0.1804634 0.1859317 0.07011622
v -0.2242458 0.2052226 0.110382
v -0.1917365 0.1997859 0.114502
v -0.2300278 0.2400069 0.14272
v -0.1975185 0.2345704 0.1468399
v -0.2388111 0.3010632 0.1387098
v -0.2259054 0.338282 0.122682
v -0.2026119 0.3285221 0.135963
v -0.2155175 0.2913033 0.1519907
v -0.2105223 0.3610568 0.09022653
v -0.1872288 0.3512969 0.1035075
v -0.1967836 0.3632851 0.05003983
v -0.1734901 0.3535252 0.06332076
v -0.1883706 0.3443698 0.01288986
v -0.1650771 0.3346099 0.02617079
v -0.1875376 0.3093792 -0.01126909
v -0.164244 0.2996192 0.002011895
v -0.1945077 0.267689 -0.01596361
v -0.1712141 0.2579291 -0.002682626
v -0.2074133 0.2304702 6.41942E-05
v -0.1841198 0.2207103 0.01334518
v -0.2227964 0.2076954 0.03251964
v -0.1995029 0.1979355 0.04580063
v -0.2365351 0.2054671 0.07270634
v -0.2132415 0.1957072 0.08598733
v -0.2449481 0.2243824 0.1098564
v -0.2216545 0.2146225 0.1231373
v -0.2457812 0.2593731 0.1340153
v -0.2224876 0.2496132 0.1472962
v -0.2441055 0.2601113 0.07660055
v -0.2394382 0.2499715 0.05410504
v -0.2329746 0.2526028 0.02998137
v -0.2264467 0.2673005 0.01069361
v -0.2216035 0.2901261 0.001409769
v -0.2197428 0.3149633 0.004617512
v -0.2213632 0.3351576 0.01945734
v -0.2260305 0.3452975 0.04195285
v -0.2324941 0.3426661 0.06607646
v -0.239022 0.3279687 0.08536428
v -0.2438652 0.3051431 0.09464812
v -0.2457259 0.2803057 0.09144038
v -0.2497585 0.2801381 0.06384093
v -0.2502724 0.2922442 0.07238925
v -0.2474594 0.2738471 0.05061096
v -0.2439912 0.275057 0.03624427
v -0.2402831 0.2834432 0.02459037
v -0.2373287 0.2967594 0.01877201
v -0.2359197 0.3114365 0.02034807
v -0.2364337 0.3235427 0.02889639
v -0.2387327 0.3298337 0.04212636
v -0.242201 0.3286239 0.05649304
v -0.245909 0.3202374 0.06814694
v -0.2488634 0.3069215 0.07396531
v -0.2560543 0.2930828 0.05598259
v -0.253686 0.2870667 0.04277468
v -0.2496103 0.2955332 0.03146273
v -0.2479029 0.3100157 0.03335875
v -0.2502712 0.3160318 0.04656672
v -0.254347 0.3075652 0.05787861
v 0.06236058 0.4993817 0.08359873
v 0.04289812 0.5021108 0.1561809
v -0.04852203 0.5078979 0.1378813
v -0.0290595 0.5051687 0.06529921
v -0.05040386 0.463559 0.132612
v 0.03565043 0.4512753 0.1561489
v 0.05511296 0.4485463 0.08356678
v -0.03094134 0.4608299 0.06002986
v 0.08365935 0.4787133 0.1639813
v 0.07471982 0.428213 0.1614097
v 0.0917888 0.4289205 0.0881803
v 0.1406899 0.4168944 0.1684365
v 0.1007283 0.4794204 0.09075177
v 0.12654 0.367777 0.1635313
v 0.1395679 0.3714112 0.08956188
v 0.1664019 0.3324585 0.1656312
v 0.1537177 0.4205284 0.09446716
v 0.1548638 0.282832 0.1592372
v 0.1657568 0.2898432 0.08516574
v 0.1772948 0.3394692 0.09155965
v 0.1660356 0.2789118 0.2114576
v 0.160396 0.3170962 0.1936016
v 0.1870736 0.325972 0.1887276
v 0.1927132 0.2877877 0.2065836
v 0.1570283 0.3413645 0.1588395
v 0.1837058 0.3502403 0.1539655
v 0.1568348 0.3452138 0.1164858
v 0.1835124 0.3540896 0.1116117
v 0.1598675 0.3276129 0.0778892
v 0.1865451 0.3364887 0.07301509
v 0.1653137 0.2932779 0.05339158
v 0.1919913 0.3021537 0.04851747
v 0.1717141 0.2514088 0.04955703
v 0.1983917 0.2602847 0.04468292
v 0.1773537 0.2132243 0.06741309
v 0.2040313 0.2221004 0.06253898
v 0.1807214 0.1889563 0.1021751
v 0.207399 0.197832 0.09730101
v 0.1809149 0.1851069 0.1445288
v 0.2075924 0.1939827 0.1396547
v 0.1778822 0.2027078 0.1831254
v 0.2045598 0.2115836 0.1782514
v 0.172436 0.2370428 0.2076231
v 0.1991136 0.2459186 0.202749
v 0.2157499 0.24807 0.147809
v 0.2180443 0.2387024 0.124622
v 0.2196708 0.2422148 0.09980929
v 0.2201937 0.2576661 0.08001947
v 0.2194726 0.2809161 0.07055515
v 0.217701 0.3057348 0.0739522
v 0.2153535 0.3254724 0.08930057
v 0.2130591 0.3348398 0.1124875
v 0.2114326 0.3313276 0.1373002
v 0.2109098 0.3158762 0.1570901
v 0.2116308 0.2926264 0.1665545
v 0.2242323 0.2799393 0.1469807
v 0.2259629 0.2680758 0.1382539
v 0.2134024 0.2678077 0.1631573
v 0.2277214 0.262217 0.1247455
v 0.2290367 0.2639328 0.1100751
v 0.2295563 0.2727633 0.09817356
v 0.2291411 0.2863429 0.09223008
v 0.2279021 0.3010319 0.09383702
v 0.2261716 0.3128955 0.1025639
v 0.2244131 0.3187544 0.1160722
v 0.2230978 0.3170385 0.1307427
v 0.2225781 0.3082078 0.1426441
v 0.2229934 0.2946286 0.1485877
v 0.2349444 0.2808645 0.1332802
v 0.2366415 0.2752831 0.1197811
v 0.2367076 0.2842042 0.108091
v 0.2350767 0.2987068 0.1098997
v 0.2333795 0.3042881 0.1233987
v 0.2333134 0.2953668 0.1350889
v 0.145316 0.2694116 0.2111291
v 0.1434879 0.315598 0.1987767
v 0.1758197 0.3194797 0.205332
v 0.1776477 0.273293 0.2176844
v 0.1433151 0.349479 0.1649954
v 0.1756468 0.3533605 0.1715506
v 0.1448439 0.3619758 0.1188368
v 0.1771756 0.3658575 0.1253921
v 0.1476647 0.34974 0.07266915
v 0.1799964 0.3536217 0.07922441
v 0.1510215 0.3160504 0.03886294
v 0.1833533 0.319932 0.0454182
v 0.1540151 0.2699339 0.02647662
v 0.1863468 0.2738154 0.03303188
v 0.1558432 0.2237473 0.03882903
v 0.1881749 0.2276288 0.04538429
v 0.156016 0.1898664 0.07261032
v 0.1883477 0.1937479 0.07916564
v 0.1544871 0.1773695 0.1187689
v 0.186819 0.181251 0.1253241
v 0.1516664 0.1896052 0.1649365
v 0.1839982 0.1934867 0.1714918
v 0.1483095 0.223295 0.1987427
v 0.1806413 0.2271765 0.2052981
v 0.2899475 -0.6688638 0.1655438
v 0.2919379 0.1275638 0.2385892
v 0.3304137 0.1445566 0.0793035
v 0.1787453 0.145739 0.04350686
v 0.1373784 0.131725 0.1974301
v 0.135388 -0.6647026 0.1243849
v 0.1943757 -0.6549976 -0.000718832
v 0.2741973 0.1578084 0.2127459
v 0.3065668 -0.6377869 0.00111258
v 0.3160599 0.1147848 -0.007137001
v -0.04839045 -0.6669939 0.2144809
v 0.1877795 0.1145962 -0.009590268
v 0.189769 -0.5243844 -0.06449038
v 0.3180494 -0.5241958 -0.06203699
v 0.282024 0.07327211 -0.04430503
v 0.1666879 0.08526027 -0.03446829
v 0.1769049 -0.4895996 -0.08541918
v 0.2921572 -0.4869626 -0.09205997
v 0.1852116 0.1572114 0.181007
v 0.2166796 0.1679953 0.09257829
v 0.3056653 0.1685921 0.1243171
v -0.002860352 0.1304835 0.2543987
v 0.3009977 0.1475919 0.2353127
v 0.09005815 0.1186854 0.3841174
v 0.04452801 -0.678792 0.3441997
v -0.1207491 -0.6606661 0.1981997
v 0.09114921 0.1393536 0.3859909
v -0.0675624 0.137164 0.2147849
v 0.09858581 0.1366659 0.3910975
v -0.05986047 0.1333293 0.3745532
v -0.1130472 -0.6645007 0.3579683
v -0.05010334 0.1600196 0.3797989
v -0.05434567 0.1731663 0.2203964
v 0.009086579 0.1607506 0.260676
v 0.1307429 0.1488838 0.2047871
v -0.009505525 0.150305 0.2617278
v 0.09957644 0.1405529 0.3815749
v 0.1463556 0.1542565 0.1947989
v -0.3421723 0.1554993 -0.03464353
v -0.3490616 0.1436921 0.1247714
v -0.3650853 -0.6536846 0.0650205
v -0.2052659 -0.6573933 0.07165253
v -0.1892421 0.1399835 0.1314034
v -0.1823529 0.1517906 -0.0280115
v -0.3348314 -0.6002356 -0.1032873
v -0.322975 0.1724448 0.1050202
v -0.2998335 0.125594 -0.1168389
v -0.0568233 -0.6654137 0.2123563
v -0.1767712 0.1197035 -0.08102143
v -0.1941462 -0.5197843 -0.1264901
v -0.2256373 -0.6047499 -0.08439714
v -0.2838288 0.1051632 -0.1427171
v -0.3172085 -0.5138941 -0.1623075
v -0.1760103 0.09763682 -0.102064
v -0.1739423 -0.4861552 -0.1430538
v -0.2817609 -0.4786291 -0.1837066
v -0.2287249 0.1671114 0.1011963
v -0.2319775 0.1769626 0.007289112
v -0.3262277 0.1822958 0.01111305
v -0.0724484 0.1340626 0.2275183
v -0.3557351 0.1640068 0.1187125
v -0.200121 0.1297404 0.3238564
v 0.01732954 -0.6626983 0.218262
v -0.1844958 -0.669736 0.3086945
v -0.2006899 0.1504782 0.3250766
v -0.07329972 0.1619501 0.2289511
v 0.001338929 0.1368595 0.2088673
v -0.2094303 0.1482539 0.3277714
v -0.05357584 0.1375271 0.3591468
v -0.03758517 -0.6620307 0.3685415
v -0.06311052 0.164748 0.3609375
v -0.01114097 0.1735419 0.2098686
v -0.08419971 0.1649789 0.2296004
v -0.1902433 0.1652128 0.1328915
v -0.207358 0.1519315 0.3183399
v -0.1959037 0.1628115 0.1259556
v 0.1412635 0.2035716 -0.042247
v 0.1406569 0.2015525 -0.03998774
v 0.1351826 0.2135186 -0.03854448
v 0.1358148 0.2155255 -0.04080772
v 0.1394233 0.1987872 -0.03937089
v 0.1339447 0.2107555 -0.03792697
v 0.138034 0.1963319 -0.04063207
v 0.132574 0.2082912 -0.03919101
v 0.1370195 0.1951245 -0.0432896
v 0.1315939 0.2070673 -0.04185385
v 0.1367675 0.1956263 -0.04632831
v 0.1313789 0.2075511 -0.04489833
v 0.1373741 0.1976453 -0.04858756
v 0.1320111 0.209558 -0.04716158
v 0.1386076 0.2004107 -0.04920441
v 0.133249 0.2123213 -0.04777908
v 0.139997 0.202866 -0.04794323
v 0.1346197 0.2147855 -0.04651505
v 0.1410114 0.2040733 -0.04528576
v 0.1355998 0.2160094 -0.04385221
v 0.03806436 0.2922498 -0.08067077
v 0.03735766 0.2902776 -0.07839942
v 0.03638908 0.2874063 -0.07779264
v 0.03552854 0.2847331 -0.07908231
v 0.03510481 0.2832795 -0.08177614
v 0.03527969 0.2835997 -0.08484459
v 0.03598639 0.2855719 -0.08711594
v 0.03695503 0.2884432 -0.08772272
v 0.03781554 0.2911164 -0.08643305
v 0.03823924 0.29257 -0.08373928
v 0.1326787 0.2209889 -0.04007542
v 0.1333234 0.2229896 -0.0423404
v 0.1314429 0.2182246 -0.03945822
v 0.130088 0.2157527 -0.04072452
v 0.1291316 0.2145175 -0.04339069
v 0.1289389 0.2149907 -0.0464384
v 0.1295836 0.2169914 -0.04870337
v 0.1308194 0.2197556 -0.04932058
v 0.1321743 0.2222276 -0.04805428
v 0.1331307 0.2234628 -0.0453881
v 0.1287298 0.2290994 -0.04209679
v 0.1294031 0.2310864 -0.04436553
v 0.1274817 0.226341 -0.04147792
v 0.1261355 0.223865 -0.04274535
v 0.1252055 0.2226171 -0.04541498
v 0.1250468 0.2230741 -0.04846716
v 0.1257202 0.2250611 -0.05073583
v 0.1269683 0.2278194 -0.05135471
v 0.1283145 0.2302954 -0.05008727
v 0.1292445 0.2315433 -0.04741764
v 0.1221136 0.237053 -0.04494041
v 0.1228098 0.239029 -0.04721171
v 0.1208741 0.2342905 -0.04432249
v 0.1195647 0.2317969 -0.0455941
v 0.1186855 0.2305249 -0.04826957
v 0.1185725 0.23096 -0.05132687
v 0.1192687 0.2329361 -0.05359823
v 0.1205082 0.2356986 -0.05421609
v 0.1218176 0.2381922 -0.05294448
v 0.1226968 0.2394643 -0.05026901
v 0.1146179 0.2442405 -0.04748458
v 0.1153139 0.2462168 -0.04975587
v 0.1134049 0.2414658 -0.04686928
v 0.1121381 0.2389524 -0.04814506
v 0.1113015 0.2376605 -0.05082464
v 0.1112145 0.2380835 -0.05388451
v 0.1119105 0.2400599 -0.0561558
v 0.1131235 0.2428346 -0.0567711
v 0.1143903 0.245348 -0.05549532
v 0.1152269 0.2466397 -0.05281568
v 0.108639 0.2487962 -0.04951787
v 0.1093347 0.2507725 -0.0517891
v 0.107445 0.2460128 -0.04890424
v 0.1062087 0.2434856 -0.05018264
v 0.1054025 0.2421801 -0.05286497
v 0.1053341 0.2425946 -0.05592638
v 0.1060299 0.2445709 -0.05819768
v 0.1072239 0.2473543 -0.05881131
v 0.1084602 0.2498816 -0.05753291
v 0.1092664 0.2511871 -0.05485058
v 0.1019444 0.2531732 -0.05205691
v 0.1026433 0.2551482 -0.05432844
v 0.1007692 0.2503815 -0.05144471
v 0.09956643 0.2478393 -0.05272573
v 0.09879565 0.2465183 -0.0554108
v 0.09875116 0.2469221 -0.05847406
v 0.09945005 0.2488971 -0.0607456
v 0.1006253 0.2516888 -0.06135774
v 0.101828 0.254231 -0.06007677
v 0.1025988 0.2555521 -0.0573917
v 0.09518889 0.2578999 -0.05442572
v 0.09588748 0.2598749 -0.05669719
v 0.09403259 0.2551 -0.05381477
v 0.09286016 0.2525448 -0.05509782
v 0.0921196 0.2512107 -0.05778497
v 0.09209362 0.2516066 -0.06084949
v 0.09279224 0.2535815 -0.06312096
v 0.09394854 0.2563814 -0.06373185
v 0.09512097 0.2589366 -0.06244886
v 0.09586149 0.2602708 -0.0597617
v 0.08828282 0.2623847 -0.0565179
v 0.08898771 0.264357 -0.05878973
v 0.08714506 0.2595769 -0.05590808
v 0.08600894 0.2570064 -0.05719316
v 0.08530855 0.2556554 -0.05988264
v 0.08531129 0.2560393 -0.06294882
v 0.08601618 0.2580116 -0.06522071
v 0.08715394 0.2608193 -0.06583053
v 0.08829007 0.2633898 -0.06454545
v 0.08899042 0.2647408 -0.06185597
v 0.08091041 0.2671293 -0.05913049
v 0.08160302 0.2691066 -0.06140178
v 0.07980901 0.2643068 -0.05852234
v 0.07871944 0.2617172 -0.05980968
v 0.07805806 0.2603502 -0.06250095
v 0.07807732 0.2607274 -0.06556797
v 0.07876992 0.2627047 -0.06783921
v 0.07987136 0.2655272 -0.06844735
v 0.0809609 0.2681168 -0.06716001
v 0.08162227 0.2694838 -0.06446874
v 0.0730952 0.271518 -0.0616495
v 0.07378429 0.2734966 -0.06392062
v 0.07202297 0.2686839 -0.06104243
v 0.07097706 0.2660773 -0.06233138
v 0.07035717 0.2646941 -0.06502426
v 0.07039991 0.265062 -0.06809217
v 0.07108903 0.2670407 -0.07036322
v 0.07216129 0.2698747 -0.0709703
v 0.07320714 0.2724813 -0.06968135
v 0.07382703 0.2738645 -0.06698847
v 0.0656774 0.2753147 -0.06426919
v 0.06636742 0.2772931 -0.0665403
v 0.06463063 0.2724711 -0.06366277
v 0.06362677 0.2698485 -0.06495285
v 0.06304947 0.2684492 -0.06764692
v 0.06311902 0.2688068 -0.07071543
v 0.06380901 0.2707852 -0.0729866
v 0.06485581 0.273629 -0.07359296
v 0.06585965 0.2762514 -0.07230288
v 0.06643695 0.2776507 -0.06960887
v 0.05838522 0.2790622 -0.0672949
v 0.0590764 0.2810401 -0.06956607
v 0.05735871 0.276211 -0.06668884
v 0.05638885 0.2735759 -0.06797945
v 0.05584627 0.2721639 -0.07067406
v 0.05593807 0.2725134 -0.07374299
v 0.05662927 0.2744914 -0.0760141
v 0.05765581 0.2773424 -0.07662016
v 0.05862561 0.2799776 -0.07532954
v 0.05916819 0.2813896 -0.07263499
v 0.0511964 0.2828696 -0.07091838
v 0.05190596 0.2848408 -0.07318962
v 0.05017644 0.2800161 -0.07031232
v 0.04923555 0.2773705 -0.07160306
v 0.04873329 0.275944 -0.07429785
v 0.04886138 0.2762804 -0.07736689
v 0.04957092 0.2782518 -0.07963812
v 0.05059093 0.2811053 -0.08024418
v 0.05153176 0.2837508 -0.07895344
v 0.05203402 0.2851772 -0.07625866
v 0.04392761 0.286795 -0.07453388
v 0.04464114 0.2887648 -0.076805
v 0.04292941 0.2839339 -0.07392764
v 0.04202768 0.2812744 -0.07521802
v 0.04156703 0.2798334 -0.07791245
v 0.04172331 0.28016 -0.08098131
v 0.04243684 0.2821298 -0.08325249
v 0.0434351 0.2849909 -0.08385873
v 0.04433677 0.2876503 -0.08256835
v 0.04479736 0.2890913 -0.07987386
v 0.03735766 0.2902776 -0.07839942
v 0.03806436 0.2922498 -0.08067077
v 0.03638908 0.2874063 -0.07779264
v 0.03552854 0.2847331 -0.07908231
v 0.03510481 0.2832795 -0.08177614
v 0.03527969 0.2835997 -0.08484459
v 0.03598639 0.2855719 -0.08711594
v 0.03695503 0.2884432 -0.08772272
v 0.03781554 0.2911164 -0.08643305
v 0.03823924 0.29257 -0.08373928
v 0.02991611 0.2961802 -0.08829445
v 0.02953863 0.2947115 -0.09098691
v 0.03781554 0.2911164 -0.08643305
v 0.03823924 0.29257 -0.08373928
v 0.02872097 0.2920241 -0.09227526
v 0.03695503 0.2884432 -0.08772272
v 0.02777538 0.2891455 -0.09166789
v 0.03598639 0.2855719 -0.08711594
v 0.02706319 0.2871751 -0.08939672
v 0.03527969 0.2835997 -0.08484459
v 0.02685633 0.2868652 -0.0863291
v 0.03510481 0.2832795 -0.08177614
v 0.02723384 0.2883339 -0.08363664
v 0.03552854 0.2847331 -0.07908231
v 0.02805156 0.2910212 -0.08234823
v 0.03638908 0.2874063 -0.07779264
v 0.02899706 0.2938999 -0.08295566
v 0.03735766 0.2902776 -0.07839942
v 0.02970928 0.2958704 -0.08522683
v 0.03806436 0.2922498 -0.08067077
v -0.0576407 0.2956918 -0.08200306
v -0.0568426 0.293995 -0.08445913
v -0.04824981 0.2975522 -0.08841902
v -0.04900268 0.2992666 -0.08596081
v -0.05572349 0.2912548 -0.08534712
v -0.04717268 0.2947959 -0.08930904
v -0.05471066 0.2885182 -0.08432841
v -0.04618286 0.2920507 -0.08829141
v -0.05419177 0.2868314 -0.08179206
v -0.04565835 0.2903661 -0.08575469
v -0.05436444 0.2868381 -0.07870662
v -0.0457996 0.2903845 -0.08266795
v -0.05516264 0.2885349 -0.07625079
v -0.04655245 0.2920988 -0.08020979
v -0.05628181 0.2912751 -0.07536268
v -0.04762974 0.2948555 -0.07931966
v -0.05729422 0.2940115 -0.07638144
v -0.04861937 0.2976002 -0.08033735
v -0.0578132 0.2956984 -0.07891786
v -0.04914407 0.2992853 -0.0828737
v -0.1561987 0.2182244 -0.04218936
v -0.155751 0.2164981 -0.03966558
v -0.1605024 0.2041649 -0.04040903
v -0.1609257 0.205905 -0.04292721
v -0.1544773 0.2138851 -0.03861767
v -0.1592328 0.2015493 -0.03936207
v -0.1528638 0.211383 -0.03944588
v -0.1576016 0.1990573 -0.04018635
v -0.1515269 0.2099478 -0.04183388
v -0.156232 0.1976411 -0.04256684
v -0.1509772 0.2101277 -0.04486936
v -0.1556469 0.1978414 -0.04559451
v -0.1514249 0.2118539 -0.04739314
v -0.1560701 0.1995816 -0.04811275
v -0.1526986 0.214467 -0.04844093
v -0.1573398 0.202197 -0.04915988
v -0.1543119 0.2169689 -0.04761285
v -0.158971 0.2046889 -0.04833573
v -0.1556489 0.2184042 -0.04522479
v -0.1603407 0.2061052 -0.04595482
v -0.0576407 0.2956918 -0.08200306
v -0.0568426 0.293995 -0.08445913
v -0.05572349 0.2912548 -0.08534712
v -0.05471066 0.2885182 -0.08432841
v -0.05419177 0.2868314 -0.08179206
v -0.05436444 0.2868381 -0.07870662
v -0.05516264 0.2885349 -0.07625079
v -0.05628181 0.2912751 -0.07536268
v -0.05729422 0.2940115 -0.07638144
v -0.0578132 0.2956984 -0.07891786
v -0.1538655 0.2256171 -0.04423237
v -0.1534061 0.2238978 -0.04170614
v -0.1521344 0.2212836 -0.04065859
v -0.1505361 0.2187726 -0.04148996
v -0.1492217 0.2173247 -0.04388261
v -0.1486934 0.2174922 -0.04692268
v -0.149153 0.2192118 -0.04944879
v -0.1504247 0.221826 -0.05049634
v -0.152023 0.2243367 -0.04966509
v -0.1533373 0.2257847 -0.04727238
v -0.1500842 0.2336662 -0.04666996
v -0.1495974 0.2319626 -0.04413831
v -0.1483137 0.2293547 -0.04308856
v -0.1467237 0.2268393 -0.04392141
v -0.1454347 0.225377 -0.04631913
v -0.1449389 0.2255261 -0.04936576
v -0.1454259 0.2272298 -0.05189723
v -0.1467095 0.2298375 -0.05294716
v -0.1482994 0.232353 -0.05211419
v -0.1495883 0.2338153 -0.04971659
v -0.1435477 0.2416244 -0.04960239
v -0.1430389 0.2399329 -0.04706693
v -0.1417637 0.2373209 -0.04601842
v -0.1402088 0.2347854 -0.04685777
v -0.1389685 0.2332957 -0.04926431
v -0.1385165 0.2334203 -0.05231881
v -0.1390253 0.2351117 -0.05485445
v -0.1403008 0.2377238 -0.05590278
v -0.1418553 0.2402592 -0.05506343
v -0.1430957 0.2417489 -0.05265695
v -0.1361188 0.2489134 -0.05205375
v -0.1356102 0.2472218 -0.04951823
v -0.1343605 0.2445956 -0.04847407
v -0.1328467 0.2420378 -0.04932004
v -0.1316473 0.2405257 -0.05173331
v -0.1312202 0.2406365 -0.05479181
v -0.1317289 0.242328 -0.05732733
v -0.1329787 0.2449542 -0.0583716
v -0.1344925 0.247512 -0.05752552
v -0.1356919 0.249024 -0.05511224
v -0.1301425 0.2535574 -0.05388546
v -0.1296342 0.251866 -0.05134988
v -0.1284027 0.2492299 -0.05030841
v -0.1269182 0.2466563 -0.0511592
v -0.1257481 0.2451288 -0.05357695
v -0.1253389 0.2452297 -0.0566383
v -0.1258473 0.2469214 -0.05917376
v -0.1270789 0.2495575 -0.06021518
v -0.1285633 0.2521309 -0.05936444
v -0.1297336 0.2536587 -0.05694658
v -0.1233926 0.2580099 -0.05611748
v -0.122881 0.2563198 -0.0535816
v -0.1216677 0.2536744 -0.05254287
v -0.1202156 0.2510841 -0.05339813
v -0.1190795 0.2495384 -0.05582106
v -0.1186935 0.2496277 -0.05888557
v -0.1192049 0.2513176 -0.06142157
v -0.1204182 0.2539631 -0.0624603
v -0.1218704 0.2565535 -0.06160492
v -0.1230064 0.2580992 -0.05918217
v -0.1166135 0.262832 -0.05821192
v -0.1161024 0.2611419 -0.05567598
v -0.1149073 0.2584872 -0.05463982
v -0.1134843 0.2558818 -0.05549932
v -0.1123777 0.2543217 -0.05792606
v -0.1120094 0.2544017 -0.06099313
v -0.1125205 0.2560916 -0.06352901
v -0.1137157 0.2587466 -0.06456518
v -0.1151385 0.2613517 -0.06370598
v -0.1162452 0.2629119 -0.061279
v -0.1097135 0.2674472 -0.05999112
v -0.1091966 0.2657603 -0.05745441
v -0.1080191 0.2630965 -0.05642051
v -0.1066315 0.260474 -0.05728424
v -0.1055635 0.2588944 -0.05971611
v -0.1052234 0.258961 -0.06278658
v -0.1057403 0.2606479 -0.06532329
v -0.1069176 0.2633115 -0.06635714
v -0.1083053 0.2659342 -0.06549346
v -0.1093732 0.2675136 -0.06306159
v -0.102283 0.2723017 -0.06225789
v -0.1017779 0.2706091 -0.0597226
v -0.1006358 0.2679284 -0.05869281
v -0.09929347 0.2652843 -0.05956185
v -0.09826311 0.2636865 -0.06199825
v -0.09793876 0.2637451 -0.06507063
v -0.09844403 0.265438 -0.06760597
v -0.09958608 0.2681185 -0.06863564
v -0.1009287 0.2707628 -0.06776661
v -0.1019588 0.2723607 -0.06533027
v -0.09441762 0.2768325 -0.06434494
v -0.09391567 0.275138 -0.06181008
v -0.09280208 0.2724445 -0.06078345
v -0.09150192 0.2697806 -0.06165719
v -0.09051207 0.2681644 -0.06409794
v -0.09021044 0.2682126 -0.067173
v -0.09071235 0.2699069 -0.06970781
v -0.09182601 0.2726004 -0.0707345
v -0.09312606 0.2752643 -0.06986088
v -0.09411606 0.2768805 -0.06741989
v -0.08691357 0.2807411 -0.06651247
v -0.08641073 0.2790471 -0.0639776
v -0.08532187 0.2763424 -0.06295335
v -0.08406265 0.2736603 -0.06383127
v -0.08311427 0.2720256 -0.06627607
v -0.0828388 0.2720619 -0.0693537
v -0.08334154 0.273756 -0.07188863
v -0.08443046 0.2764606 -0.07291281
v -0.0856896 0.2791429 -0.07203501
v -0.08663806 0.2807775 -0.06959003
v -0.07948473 0.284552 -0.06908989
v -0.07898082 0.2828584 -0.06655478
v -0.0779117 0.2801454 -0.06553251
v -0.07668552 0.2774489 -0.06641328
v -0.07577112 0.2757998 -0.06886119
v -0.07551715 0.2758266 -0.07194084
v -0.07602106 0.2775201 -0.07447582
v -0.07709017 0.2802333 -0.07549834
v -0.07831627 0.2829298 -0.07461745
v -0.07923086 0.2845792 -0.07216942
v -0.0721077 0.2883483 -0.07227701
v -0.07158569 0.2866625 -0.06974065
v -0.07052296 0.2839464 -0.06871873
v -0.06932524 0.2812382 -0.06960171
v -0.06845009 0.2795724 -0.07205296
v -0.06823164 0.2795843 -0.07513529
v -0.06875351 0.2812703 -0.07767171
v -0.06981632 0.2839861 -0.07869351
v -0.07101411 0.2866944 -0.07781065
v -0.07188934 0.2883604 -0.07535934
v -0.06464322 0.2922733 -0.07545912
v -0.06411749 0.2905889 -0.07292229
v -0.06307596 0.2878642 -0.0719018
v -0.0619165 0.28514 -0.07278758
v -0.06108201 0.2834574 -0.07524151
v -0.06089127 0.2834582 -0.07832563
v -0.06141695 0.2851423 -0.08086228
v -0.06245849 0.2878672 -0.08188272
v -0.06361797 0.2905914 -0.08099723
v -0.06445235 0.2922739 -0.07854325
v -0.0578132 0.2956984 -0.07891786
v -0.05729422 0.2940115 -0.07638144
v -0.05628181 0.2912751 -0.07536268
v -0.05516264 0.2885349 -0.07625079
v -0.05436444 0.2868381 -0.07870662
v -0.05419177 0.2868314 -0.08179206
v -0.05471066 0.2885182 -0.08432841
v -0.05572349 0.2912548 -0.08534712
v -0.0568426 0.293995 -0.08445913
v -0.0576407 0.2956918 -0.08200306
v 0.2019409 -0.6410638 -0.08744925
v 0.2004447 -0.6345097 0.2240653
v 0.2228038 -0.6254573 -0.07898319
v 0.1596902 -0.6413945 -0.08818853
v 0.131323 0.05582905 0.01336116
v 0.1367593 -0.5353642 -0.03287542
v 0.1538226 -0.6686274 0.259329
v 0.1944836 0.1699008 -0.02402461
v 0.1822631 0.1578258 0.2644339
v 0.1861129 0.1756934 0.03642768
v 0.1888565 0.03204906 -0.05611908
v 0.1937492 -0.5000248 -0.09773201
v 0.1740281 -0.6447086 0.2498002
v 0.1450125 0.1506916 0.2844672
v 0.1989659 0.142395 0.2979186
v 0.2156403 0.1535522 -0.01805764
v 0.2275231 -0.542434 0.2180477
v 0.2316321 -0.5233635 -0.0253098
v 0.2223009 0.02546382 0.2624624
v 0.2264099 0.04453433 0.0191049
v 0.1611358 0.0318321 -0.05660415
v 0.1660285 -0.5002418 -0.09821707
v 0.1525949 0.1591499 0.2648212
v 0.1613368 0.1748049 -0.02004349
v 0.1583922 0.1754764 0.03594261
v 0.1243871 0.03500712 0.2658851
v 0.1280766 0.1544738 0.2648281
v 0.1324818 -0.5552169 0.2204647
v -0.1909666 -0.6092148 -0.1151195
v -0.2251547 -0.6161748 0.1764451
v -0.1684049 -0.6245592 -0.117572
v -0.1210472 -0.5166794 -0.05035192
v -0.1263477 0.0686568 -0.01250911
v -0.1273976 -0.6240836 -0.1073766
v -0.1495846 -0.6316081 0.2000399
v -0.1074213 -0.6308891 0.2128534
v -0.1967387 0.1943887 -0.01169682
v -0.2350012 0.17741 0.2040979
v -0.1891227 0.187381 -0.07212019
v -0.1598414 -0.4835888 -0.1284744
v -0.1734343 0.04912508 -0.09865344
v -0.121234 0.1796136 0.2572267
v -0.2450561 0.1637717 0.220106
v -0.210868 0.1707317 -0.07145858
v -0.214814 -0.50639 -0.06778753
v -0.2734511 -0.5211272 0.1687456
v -0.2879593 0.04745376 0.2005744
v -0.2293222 0.06219089 -0.03595877
v -0.1465293 0.04943717 -0.09196419
v -0.1329364 -0.4832767 -0.1217852
v -0.224772 0.1808934 0.2166047
v -0.1898036 0.1794454 0.2632202
v -0.1698338 0.194701 -0.005007565
v -0.1330476 0.1410013 -0.02673262
v -0.1824011 0.05651045 0.2310309
v -0.1820897 -0.5320211 0.1958841
v -0.03219396 0.1936716 0.3019297
v -0.004861072 0.1553231 0.01874697
v -0.07477948 0.06440294 0.2694008
v 0.009435207 0.04560542 0.2694938
v 0.1207069 0.1247637 0.0102489
v 0.04766554 0.1904374 0.3034585
v 0.148478 0.1566981 0.272625
v 0.2174461 0.1343235 0.0150705
v 0.1042874 0.01906943 0.2613587
v 0.06828275 -0.6784216 0.1149344
v 0.1071551 -0.6659316 0.1080195
v 0.1561656 -0.8182399 0.1084272
v 0.1172933 -0.8307299 0.1153421
v 0.1375442 -0.6562235 0.08161628
v 0.1865547 -0.8085318 0.08202398
v 0.1513073 -0.6518987 0.04279941
v 0.2003178 -0.8042069 0.04320711
v 0.1447566 -0.6541159 0.001969934
v 0.1937672 -0.8064241 0.002377629
v 0.1196474 -0.662281 -0.02993196
v 0.168658 -0.8145893 -0.02952427
v 0.08270767 -0.6742063 -0.04435825
v 0.1317182 -0.8265146 -0.04395056
v 0.04383531 -0.6866964 -0.03744334
v 0.09284586 -0.8390046 -0.03703558
v 0.01344624 -0.6964045 -0.01104009
v 0.06245676 -0.8487127 -0.0106324
v -0.0003168732 -0.7007293 0.02777672
v 0.04869366 -0.8530375 0.02818447
v 0.006233782 -0.6985121 0.06860626
v 0.05524433 -0.8508203 0.06901395
v 0.03134301 -0.6903469 0.1005082
v 0.08035353 -0.8426552 0.1009159
v 0.1657729 -0.8427454 0.1308635
v 0.1191289 -0.8590856 0.1391153
v 0.2016187 -0.8280479 0.09908628
v 0.2170618 -0.8189313 0.05229777
v 0.2079639 -0.8178383 0.003035605
v 0.1767629 -0.8250618 -0.03550112
v 0.1318192 -0.8386664 -0.05298609
v 0.0851754 -0.8550067 -0.0447343
v 0.04932946 -0.8697042 -0.01295698
v 0.0338864 -0.8788207 0.03383154
v 0.04298431 -0.8799137 0.08309376
v 0.07418519 -0.8726902 0.1216303
v 0.169709 -0.8602504 0.1131839
v 0.1281358 -0.876016 0.1207221
v 0.2013472 -0.8456542 0.08455384
v 0.2145733 -0.8361385 0.04250348
v 0.2058431 -0.8342531 -0.001699626
v 0.1774959 -0.8405029 -0.03621179
v 0.1371274 -0.8532138 -0.05178505
v 0.09555435 -0.8689795 -0.04424679
v 0.063916 -0.8835757 -0.01561695
v 0.05068997 -0.8930911 0.02643353
v 0.05942023 -0.8949767 0.07063657
v 0.08776736 -0.8887267 0.1051487
v 0.1870191 -0.9856035 0.2025409
v 0.2186647 -0.978543 0.1711977
v 0.2315924 -0.9788247 0.1279947
v 0.222338 -0.9863734 0.08450806
v 0.1933812 -0.999166 0.05239034
v 0.1524811 -1.013775 0.04024708
v 0.1105968 -1.026286 0.05133235
v 0.07895103 -1.033347 0.08267558
v 0.06602341 -1.033065 0.1258787
v 0.07527784 -1.025517 0.1693649
v 0.1042346 -1.012724 0.2014828
v 0.1451346 -0.9981145 0.2136261
v 0.2042664 -0.9974331 0.2298508
v 0.2470372 -0.9912204 0.1881989
v 0.2649054 -0.995239 0.1310377
v 0.2530829 -1.008413 0.07368338
v 0.2147377 -1.027211 0.03150409
v 0.1601443 -1.046598 0.01580179
v 0.1039311 -1.061378 0.03078401
v 0.06116006 -1.06759 0.07243574
v 0.04329193 -1.063571 0.1295969
v 0.05511448 -1.050398 0.186951
v 0.09345967 -1.031599 0.2291303
v 0.148053 -1.012213 0.2448328
v 0.2215974 -1.029597 0.1946688
v 0.1650856 -1.04327 0.2095793
v 0.2642442 -1.023191 0.1529192
v 0.2815993 -1.025768 0.09551716
v 0.2690121 -1.036638 0.03784364
v 0.2298554 -1.052888 -0.004647791
v 0.1746213 -1.070164 -0.02057165
v 0.1181097 -1.083837 -0.005660772
v 0.07546264 -1.090243 0.03608882
v 0.05810761 -1.087665 0.09349078
v 0.07069489 -1.076796 0.1511641
v 0.1098516 -1.060546 0.1936556
v -0.06768465 -0.7100451 0.1060073
v -0.03211421 -0.7080794 0.08489442
v -0.04895253 -0.8613707 0.04225343
v -0.08452298 -0.8633364 0.06336635
v -0.01168507 -0.7005262 0.04967409
v -0.02852339 -0.8538175 0.00703311
v -0.01187119 -0.6894094 0.009783506
v -0.0287095 -0.8427007 -0.03285748
v -0.03262271 -0.6777078 -0.02408862
v -0.04946104 -0.830999 -0.06672961
v -0.06837928 -0.6685567 -0.04286629
v -0.0852176 -0.821848 -0.08550727
v -0.10956 -0.6644083 -0.04151803
v -0.1263983 -0.8176996 -0.08415902
v -0.1451304 -0.666374 -0.02040511
v -0.1619687 -0.8196653 -0.0630461
v -0.1655595 -0.6739272 0.01481521
v -0.1823978 -0.8272184 -0.02782571
v -0.1653734 -0.6850439 0.0547058
v -0.1822117 -0.8383352 0.01206481
v -0.1446219 -0.6967456 0.08857793
v -0.1614602 -0.8500369 0.04593694
v -0.1088653 -0.7058967 0.1073556
v -0.1257036 -0.859188 0.06471461
v -0.04235432 -0.8930045 0.05458146
v -0.08557469 -0.8965829 0.07968026
v -0.01722535 -0.8809541 0.01293939
v -0.01692104 -0.8636607 -0.03408837
v -0.04152274 -0.8457581 -0.07390016
v -0.08443871 -0.8320432 -0.09582907
v -0.1341695 -0.8261909 -0.09399885
v -0.1773897 -0.8297695 -0.06890011
v -0.2025188 -0.8418199 -0.02725798
v -0.2028231 -0.8591131 0.01976979
v -0.1782213 -0.8770158 0.05958164
v -0.1353054 -0.8907307 0.08151042
v -0.0519484 -0.9050016 0.03461874
v -0.09086983 -0.9093392 0.05697984
v -0.02934636 -0.8927178 -0.002421081
v -0.02911961 -0.875779 -0.04421508
v -0.05132905 -0.8587242 -0.07956421
v -0.09002382 -0.8461229 -0.09899706
v -0.1348355 -0.8413521 -0.09730643
v -0.1737568 -0.8456898 -0.07494545
v -0.1963591 -0.8579737 -0.03790563
v -0.1965857 -0.8749123 0.003888488
v -0.1743762 -0.8919672 0.0392375
v -0.1356815 -0.9045683 0.0586704
v -0.05426535 -1.050128 0.08875561
v -0.03551698 -1.043928 0.04821229
v -0.03973134 -1.035496 0.004111826
v -0.0657794 -1.027091 -0.03172886
v -0.1066815 -1.020965 -0.04970622
v -0.1514779 -1.018759 -0.04500353
v -0.1881656 -1.021064 -0.01888055
v -0.2069141 -1.027264 0.02166283
v -0.2026995 -1.035695 0.06576329
v -0.1766516 -1.044101 0.1016037
v -0.1357495 -1.050227 0.1195812
v -0.09095305 -1.052433 0.1148785
v -0.03454614 -1.073863 0.1039556
v -0.01024346 -1.068723 0.04931337
v -0.01657531 -1.061114 -0.009888232
v -0.05184543 -1.053072 -0.05778599
v -0.1066029 -1.046754 -0.08154559
v -0.1661759 -1.043853 -0.07480091
v -0.2146012 -1.045144 -0.03935885
v -0.2389042 -1.050284 0.01528352
v -0.2325721 -1.057893 0.07448512
v -0.1973022 -1.065934 0.1223826
v -0.1425446 -1.072253 0.1461422
v -0.08297183 -1.075154 0.1393976
v -0.04254498 -1.10256 0.0887416
v -0.09082282 -1.102734 0.1244076
v -0.01830775 -1.09718 0.03409338
v -0.02460529 -1.088036 -0.02489454
v -0.05975044 -1.077579 -0.07241613
v -0.1143259 -1.06861 -0.09573799
v -0.1737083 -1.063533 -0.08861125
v -0.221986 -1.063708 -0.05294514
v -0.2462234 -1.069088 0.001703203
v -0.2399256 -1.078231 0.06069106
v -0.2047807 -1.088688 0.1082124
v -0.1502052 -1.097657 0.1315344
v -0.4267582 0.09674299 0.009822607
v -0.4076567 0.111912 -0.009403706
v -0.3149751 0.08611476 0.06232226
v -0.3340766 0.07094562 0.08154857
v -0.3886476 0.1119156 -0.03396529
v -0.295966 0.08611822 0.03776067
v -0.3748243 0.09675252 -0.0572809
v -0.2821427 0.07095516 0.01444513
v -0.3698907 0.07048595 -0.07310307
v -0.2772092 0.04468858 -0.001377046
v -0.3751689 0.04015386 -0.07719231
v -0.2824872 0.01435649 -0.005466282
v -0.3892444 0.01388371 -0.06845284
v -0.2965628 -0.01191366 0.003273129
v -0.4083458 -0.001285434 -0.04922652
v -0.3156642 -0.0270828 0.02249944
v -0.4273549 -0.001288891 -0.02466494
v -0.3346733 -0.02708626 0.04706103
v -0.4411782 0.01387417 -0.00134939
v -0.3484966 -0.01192319 0.07037663
v -0.4461118 0.04014075 0.01447278
v -0.3534302 0.01434338 0.08619875
v -0.4408337 0.07047284 0.01856202
v -0.3481521 0.04467559 0.09028798
v -0.4778417 0.05096543 -0.02028251
v -0.4726111 0.07806492 -0.0158549
v -0.4722312 0.02710974 -0.03372717
v -0.4572829 0.01288962 -0.05258662
v -0.4370023 0.01211536 -0.07180732
v -0.4168234 0.02499485 -0.0862391
v -0.4021532 0.04807663 -0.09201515
v -0.3969226 0.07517588 -0.08758759
v -0.4025331 0.09903157 -0.07414281
v -0.4174814 0.1132518 -0.05528337
v -0.4377621 0.1140257 -0.03606266
v -0.4579409 0.1011466 -0.02163082
v -0.5148576 0.06299269 -0.06437939
v -0.5089058 0.03718221 -0.07330859
v -0.49068 0.01884401 -0.08393294
v -0.465064 0.01289189 -0.09340554
v -0.4389213 0.02092099 -0.09918821
v -0.419257 0.04077947 -0.09973168
v -0.4113401 0.06714654 -0.09489012
v -0.417292 0.0929569 -0.08596092
v -0.4355177 0.1112952 -0.07533669
v -0.4611338 0.117247 -0.06586409
v -0.4872764 0.1092182 -0.0600813
v -0.5069407 0.08935964 -0.05953795
v -0.5063575 0.09397113 -0.1686841
v -0.5018907 0.07004869 -0.1739813
v -0.4858225 0.05847144 -0.1828721
v -0.4366556 0.06721413 -0.1898568
v -0.4200877 0.07356083 -0.1919806
v -0.4120984 0.08983099 -0.1876034
v -0.4165653 0.1137533 -0.182306
v -0.4324634 0.1318203 -0.1758935
v -0.4555333 0.1391908 -0.1700839
v -0.479593 0.1338903 -0.1664339
v -0.498196 0.1173385 -0.1659216
v -0.4607154 0.06191337 -0.1862068
v -0.3954729 0.0728097 -0.1815109
v -0.429417 0.1234156 -0.1512626
v -0.4026608 0.1389093 -0.1653596
v -0.5011129 0.05715561 -0.1785764
v -0.5152352 0.1567258 -0.2421494
v -0.4793488 0.1345454 -0.1585497
v -0.4143998 0.188339 -0.2465788
v -0.4235664 0.1983901 -0.3043245
v -0.4164424 0.1576402 -0.3348788
v -0.5085304 0.1262261 -0.2900057
v -0.5118822 0.1750523 -0.2946368
v -0.5007421 0.1345711 -0.3265121
v -0.4390571 0.1932367 -0.3353529
v -0.4983161 0.1765012 -0.3277393
v -0.4916814 0.1474955 -0.3483713
v -0.4386386 0.1592548 -0.3483181
v -0.4654728 0.1858679 -0.3612142
v -0.4912158 0.1780256 -0.3575769
v -0.4866553 0.1596333 -0.364955
v -0.4609123 0.1674756 -0.3685923
v -0.402997 0.1339962 -0.2904505
v -0.3947047 0.129347 -0.2933658
v -0.3768224 0.1788176 -0.251405
v -0.3776021 0.1766605 -0.2532347
v -0.389738 0.09762311 -0.1935545
v -0.3757586 0.1965567 -0.2924066
v -0.409421 0.1992952 -0.2961174
v -0.3912361 0.1547041 -0.308026
v -0.3903195 0.101337 -0.2052392
v -0.3817165 0.1402086 -0.2255509
v -0.3760328 0.1341263 -0.2245321
v 0.4080548 0.1970837 -0.008458972
v 0.4322824 0.1761353 0.001733899
v 0.3782083 0.1448584 -0.01343286
v 0.4709169 0.1483824 0.01630932
v 0.517947 0.2146294 -0.09084278
v 0.4565809 0.1160606 -0.03635091
v 0.4137726 0.2657768 -0.1657485
v 0.434042 0.2937286 -0.1262974
v 0.4270572 0.2692844 -0.07142246
v 0.4994073 0.2014023 -0.1444592
v 0.5152709 0.2482684 -0.1365032
v 0.4910262 0.2218927 -0.1765567
v 0.44536 0.29441 -0.1601929
v 0.4996683 0.2625581 -0.166244
v 0.483797 0.2426952 -0.1930017
v 0.4672256 0.2889327 -0.1913133
v 0.434887 0.266126 -0.1817625
v 0.4906929 0.2744564 -0.1937733
v 0.4807438 0.2602596 -0.2051394
v 0.4572765 0.2747362 -0.2026795
v 0.3883039 0.2317494 -0.1295919
v 0.3979074 0.2333724 -0.1267829
v 0.3873237 0.2687141 -0.0754019
v 0.3872789 0.2703993 -0.07293117
v 0.3830949 0.1733743 -0.04020822
v 0.3876223 0.2995605 -0.107927
v 0.4169346 0.2911903 -0.1207666
v 0.3904404 0.260914 -0.1365848
v 0.3837047 0.1802082 -0.05067217
v 0.3839318 0.2250403 -0.05879021
v 0.3050131 0.01213086 0.2189773
v 0.2911235 0.04031742 0.2151017
v 0.3880988 0.07937026 0.1515795
v 0.4019884 0.0511837 0.1554551
v 0.2723951 0.05958533 0.1983559
v 0.3693703 0.09863818 0.1348337
v 0.2538461 0.06477153 0.173227
v 0.3508214 0.1038245 0.1097047
v 0.2404469 0.05448675 0.1464482
v 0.3374221 0.09353948 0.08292592
v 0.2357876 0.03148651 0.1251948
v 0.3327629 0.07053924 0.06167257
v 0.2411168 0.001933694 0.1151618
v 0.3380921 0.04098654 0.05163956
v 0.2550064 -0.02625287 0.1190374
v 0.3519818 0.01279998 0.05551517
v 0.2737349 -0.04552066 0.1357832
v 0.3707101 -0.006467819 0.07226098
v 0.2922837 -0.05070698 0.1609122
v 0.3892591 -0.01165414 0.09738988
v 0.305683 -0.04042208 0.187691
v 0.4026583 -0.001369238 0.1241688
v 0.3103423 -0.01742184 0.2089443
v 0.4073176 0.02163112 0.1454221
v 0.4400324 0.03980005 0.1147649
v 0.4363576 0.019575 0.09503138
v 0.4231075 0.009977698 0.07170165
v 0.4038324 0.01357949 0.0510264
v 0.383697 0.02941513 0.03854591
v 0.3680968 0.05324185 0.03760445
v 0.3612116 0.07867515 0.04845387
v 0.3648865 0.09890008 0.0681873
v 0.3781365 0.1084974 0.09151721
v 0.3974116 0.1048957 0.1121924
v 0.4175469 0.08905983 0.1246728
v 0.4331473 0.06523323 0.1256145
v 0.4754304 0.04561901 0.05774879
v 0.4612855 0.03190434 0.03716266
v 0.4376321 0.02823329 0.02170271
v 0.4108083 0.03558958 0.01551163
v 0.3880013 0.05200219 0.02024835
v 0.3753223 0.07307327 0.03464341
v 0.3761686 0.09315681 0.05483985
v 0.3903136 0.1068715 0.07542592
v 0.4139669 0.1105427 0.09088582
v 0.4407908 0.1031861 0.09707677
v 0.4635977 0.08677375 0.09234029
v 0.4757051 0.1336461 -0.01029104
v 0.4762767 0.06570268 0.07794517
v 0.4636511 0.1189173 -0.02709514
v 0.4442739 0.1190424 -0.03778356
v 0.3993979 0.1425802 -0.02915949
v 0.3853678 0.1530744 -0.02417648
v 0.382905 0.1654396 -0.009950817
v 0.3974099 0.1773114 0.0004641414
v 0.4456095 0.1790746 0.0136885
v 0.4617264 0.1656942 0.008764684
v 0.4753261 0.152634 0.006558359
v 0.4210337 0.1301144 -0.03375334
v 0.4178616 0.17782 0.009452403
v 0.0521934 0.01310086 -0.0769285
v 0.06018209 0.0159533 -0.07678586
v 0.07323453 -0.001498461 -0.07019448
v 0.06515026 -0.004042983 -0.07057738
v 0.06774089 0.01538837 -0.08059669
v 0.08081651 -0.002138376 -0.07394683
v 0.0719825 0.01162183 -0.08690524
v 0.08500022 -0.005717993 -0.08040118
v 0.07128683 0.006092429 -0.09330195
v 0.08418751 -0.01087034 -0.08709222
v 0.06591958 0.0009121895 -0.09734344
v 0.07868889 -0.01562715 -0.09146416
v 0.05793086 -0.00194025 -0.09748602
v 0.07060462 -0.01817167 -0.09184706
v 0.05037209 -0.001375318 -0.09367526
v 0.06302264 -0.01753175 -0.08809471
v 0.04613048 0.002391219 -0.0873667
v 0.05883896 -0.01395214 -0.08164036
v 0.04682615 0.007920623 -0.08096999
v 0.05965164 -0.008799791 -0.07494932
v 0.09182891 -0.2978741 -0.03825545
v 0.1000555 -0.2963847 -0.03681278
v 0.1077591 -0.296396 -0.04036689
v 0.1119972 -0.297904 -0.04755998
v 0.111151 -0.3003329 -0.05564469
v 0.1055437 -0.3027543 -0.06153291
v 0.0973171 -0.3042437 -0.06297553
v 0.0896135 -0.3042322 -0.05942148
v 0.08537537 -0.3027244 -0.05222833
v 0.08622161 -0.3002956 -0.04414368
v 0.08647105 -0.01717877 -0.06491977
v 0.07828668 -0.01931119 -0.06558728
v 0.09408769 -0.01796138 -0.06857359
v 0.09822735 -0.0213598 -0.07515317
v 0.09730873 -0.02607596 -0.08214527
v 0.09168279 -0.03030849 -0.08687925
v 0.08349839 -0.0324409 -0.08754677
v 0.07588175 -0.03165829 -0.08389294
v 0.07174212 -0.02825987 -0.07731336
v 0.07266074 -0.02354372 -0.07032126
v 0.09468266 -0.03629744 -0.05950564
v 0.08639854 -0.03779173 -0.06056243
v 0.1023566 -0.03744674 -0.06293565
v 0.1064894 -0.04080069 -0.06954235
v 0.1055021 -0.04507828 -0.07680213
v 0.09977216 -0.04864526 -0.08194208
v 0.09148803 -0.05013967 -0.08299887
v 0.08381405 -0.04899025 -0.07956886
v 0.07968134 -0.0456363 -0.07296216
v 0.08066857 -0.04135883 -0.06570238
v 0.09800619 -0.05674028 -0.05537045
v 0.08969882 -0.05709791 -0.05705446
v 0.1056986 -0.05878806 -0.05830473
v 0.1098378 -0.06245899 -0.06473649
v 0.1088426 -0.06635106 -0.072209
v 0.1030934 -0.06897748 -0.07786804
v 0.09478605 -0.0693351 -0.07955205
v 0.08709368 -0.06728721 -0.07661772
v 0.08295447 -0.06361628 -0.07018596
v 0.0839496 -0.05972433 -0.06271344
v 0.09384322 -0.07699549 -0.05486399
v 0.08570215 -0.07623446 -0.0571267
v 0.1013941 -0.07999527 -0.05730581
v 0.1054706 -0.08408773 -0.06351948
v 0.1045156 -0.08771014 -0.07113153
v 0.09889394 -0.08947837 -0.07723451
v 0.09075284 -0.08871734 -0.07949722
v 0.083202 -0.08571756 -0.07705539
v 0.07912546 -0.0816251 -0.07084173
v 0.08008051 -0.07800281 -0.06322968
v 0.08247244 -0.09638047 -0.05412692
v 0.07438731 -0.09539258 -0.0564999
v 0.09000453 -0.09945631 -0.05653179
v 0.09410661 -0.1034451 -0.06279582
v 0.09321171 -0.1068237 -0.07052636
v 0.0876618 -0.108301 -0.07677066
v 0.07957664 -0.1073132 -0.07914364
v 0.07204458 -0.1042373 -0.07673883
v 0.06794247 -0.1002486 -0.0704748
v 0.06883737 -0.09687006 -0.0627442
v 0.0727663 -0.1169778 -0.05314553
v 0.06477427 -0.1156582 -0.055668
v 0.08024451 -0.1202453 -0.05546391
v 0.08435267 -0.1242129 -0.0617376
v 0.08352131 -0.127365 -0.06957024
v 0.07806823 -0.1284975 -0.07596999
v 0.07007623 -0.1271778 -0.07849252
v 0.06259799 -0.1239103 -0.07617408
v 0.05848986 -0.1199429 -0.06990039
v 0.05932122 -0.1167909 -0.06206781
v 0.06470177 -0.1367836 -0.05314302
v 0.05672732 -0.1354058 -0.05568987
v 0.0721983 -0.1399906 -0.0554868
v 0.07635361 -0.1438018 -0.06182593
v 0.07558027 -0.1467618 -0.06973904
v 0.07017392 -0.1477396 -0.07620364
v 0.06219944 -0.1463618 -0.07875049
v 0.05470291 -0.1431549 -0.07640666
v 0.05054763 -0.1393436 -0.07006758
v 0.05132094 -0.1363838 -0.06215447
v 0.05813283 -0.157312 -0.05442637
v 0.0501008 -0.1561375 -0.05689287
v 0.06570077 -0.160267 -0.05686986
v 0.06991407 -0.1638736 -0.06328994
v 0.06916314 -0.1667544 -0.07123435
v 0.06373507 -0.1678089 -0.07766861
v 0.05570304 -0.1666343 -0.08013511
v 0.04813507 -0.1636794 -0.07769161
v 0.04392177 -0.1600729 -0.07127154
v 0.0446727 -0.1571921 -0.06332713
v 0.05623665 -0.1774223 -0.05650401
v 0.04803488 -0.1770787 -0.05864626
v 0.06396055 -0.1796141 -0.05924529
v 0.06825629 -0.1828167 -0.06582296
v 0.06748295 -0.1858073 -0.07372451
v 0.06193611 -0.1874434 -0.07993191
v 0.05373433 -0.1870998 -0.08207417
v 0.04601046 -0.1849082 -0.07933283
v 0.04171467 -0.1817054 -0.07275522
v 0.04248801 -0.1787149 -0.06485367
v 0.0611206 -0.1988151 -0.05460483
v 0.0528478 -0.1993399 -0.05641103
v 0.0689151 -0.2001426 -0.05768055
v 0.07325414 -0.2028155 -0.0644632
v 0.07248026 -0.2058132 -0.07236207
v 0.06688917 -0.2079901 -0.07836014
v 0.0586164 -0.2085149 -0.08016634
v 0.05082193 -0.2071873 -0.07709068
v 0.04648289 -0.2045144 -0.07030797
v 0.04725677 -0.2015169 -0.0624091
v 0.06799862 -0.2177104 -0.05061245
v 0.05973774 -0.2188034 -0.0522061
v 0.0757806 -0.2184409 -0.05391151
v 0.08011132 -0.2207162 -0.06084287
v 0.07933646 -0.2236675 -0.06875914
v 0.07375214 -0.2261668 -0.07463652
v 0.06549129 -0.2272601 -0.07623011
v 0.05770928 -0.2265295 -0.07293111
v 0.05337855 -0.2242541 -0.06599975
v 0.05415341 -0.221303 -0.05808347
v 0.07712436 -0.2371366 -0.04628164
v 0.06890327 -0.2386597 -0.04772055
v 0.08486351 -0.2374043 -0.04974723
v 0.0891647 -0.2393603 -0.05679357
v 0.0883849 -0.2422581 -0.06472909
v 0.08282211 -0.2449901 -0.07052273
v 0.07460102 -0.2465131 -0.07196164
v 0.06686181 -0.2462455 -0.06849605
v 0.06256068 -0.2442894 -0.06144977
v 0.06334046 -0.2413918 -0.0535143
v 0.08748904 -0.256569 -0.04208046
v 0.07928935 -0.2582489 -0.04346544
v 0.0951969 -0.2566063 -0.04562509
v 0.09946877 -0.258347 -0.05274528
v 0.09867287 -0.2611263 -0.06072152
v 0.09311333 -0.263882 -0.06650704
v 0.08491361 -0.2655621 -0.06789201
v 0.07720572 -0.2655247 -0.06434739
v 0.07293388 -0.2637841 -0.05722713
v 0.07372975 -0.2610048 -0.04925096
v 0.09587583 -0.2763938 -0.03852993
v 0.0876708 -0.2780377 -0.03992653
v 0.1035732 -0.2763603 -0.04209733
v 0.1078227 -0.2779499 -0.0492661
v 0.1070011 -0.280556 -0.05729795
v 0.1014224 -0.2831824 -0.06312513
v 0.09321731 -0.2848262 -0.06452179
v 0.08551994 -0.2848597 -0.06095427
v 0.08127043 -0.28327 -0.05378556
v 0.08209202 -0.2806641 -0.04575372
v 0.1000555 -0.2963847 -0.03681278
v 0.09182891 -0.2978741 -0.03825545
v 0.1077591 -0.296396 -0.04036689
v 0.1119972 -0.297904 -0.04755998
v 0.111151 -0.3003329 -0.05564469
v 0.1055437 -0.3027543 -0.06153291
v 0.0973171 -0.3042437 -0.06297553
v 0.0896135 -0.3042322 -0.05942148
v 0.08537537 -0.3027244 -0.05222833
v 0.08622161 -0.3002956 -0.04414368
v 0.0860824 -0.3211972 -0.04265356
v 0.08521694 -0.3234504 -0.05078685
v 0.08537537 -0.3027244 -0.05222833
v 0.08622161 -0.3002956 -0.04414368
v 0.08945939 -0.3249983 -0.05796891
v 0.0896135 -0.3042322 -0.05942148
v 0.09718931 -0.3252498 -0.06145644
v 0.0973171 -0.3042437 -0.06297553
v 0.105454 -0.3241088 -0.05991721
v 0.1055437 -0.3027543 -0.06153291
v 0.1110967 -0.3220111 -0.05393928
v 0.111151 -0.3003329 -0.05564469
v 0.1119621 -0.3197576 -0.04580605
v 0.1119972 -0.297904 -0.04755998
v 0.1077196 -0.3182099 -0.03862399
v 0.1077591 -0.296396 -0.04036689
v 0.0999898 -0.3179584 -0.03513646
v 0.1000555 -0.2963847 -0.03681278
v 0.09172508 -0.3190993 -0.03667569
v 0.09182891 -0.2978741 -0.03825545
v 0.1104785 -0.5867779 -0.05549228
v 0.1186626 -0.5851292 -0.05398285
v 0.1263292 -0.5845793 -0.05757439
v 0.1305498 -0.585338 -0.06489474
v 0.1297122 -0.5871159 -0.07314783
v 0.1241367 -0.5892333 -0.07918143
v 0.1159525 -0.5908819 -0.0806908
v 0.1082859 -0.5914319 -0.07709932
v 0.1040652 -0.5906731 -0.06977898
v 0.1049028 -0.5888954 -0.06152588
v 0.09677568 -0.3388042 -0.03517753
v 0.08848044 -0.3392265 -0.03690571
v 0.1045322 -0.3396845 -0.03849965
v 0.1087875 -0.3415313 -0.04560316
v 0.1079158 -0.3436394 -0.05377465
v 0.1022505 -0.345203 -0.05989307
v 0.09395522 -0.3456254 -0.06162113
v 0.08619854 -0.344745 -0.05829901
v 0.08194333 -0.3428982 -0.0511955
v 0.08281499 -0.3407903 -0.04302406
v 0.0918178 -0.3586819 -0.03763288
v 0.08355063 -0.3584627 -0.03952557
v 0.09954888 -0.3601451 -0.04080564
v 0.1037909 -0.3622934 -0.04783171
v 0.1029234 -0.3643066 -0.05602759
v 0.097278 -0.3654151 -0.06226271
v 0.0890108 -0.3651959 -0.06415534
v 0.08127967 -0.3637327 -0.06098258
v 0.07703763 -0.3615845 -0.05395639
v 0.07790515 -0.3595713 -0.04576063
v 0.08185399 -0.3760495 -0.0420295
v 0.07364324 -0.3753484 -0.04404676
v 0.08952793 -0.3779999 -0.04507625
v 0.09373412 -0.3804547 -0.05202311
v 0.09286556 -0.3824764 -0.06021672
v 0.08725438 -0.3832927 -0.06652737
v 0.07904366 -0.3825916 -0.06854469
v 0.07136965 -0.3806412 -0.06549793
v 0.0671635 -0.3781865 -0.05855095
v 0.06803209 -0.3761647 -0.0503574
v 0.0720771 -0.3940138 -0.04585373
v 0.06389764 -0.3931193 -0.04792088
v 0.07972869 -0.3961023 -0.04886478
v 0.08392999 -0.3985871 -0.05580395
v 0.08307591 -0.4005197 -0.06402063
v 0.07749298 -0.401161 -0.07037634
v 0.06931353 -0.4002666 -0.07244349
v 0.06166178 -0.3981782 -0.06943238
v 0.05746055 -0.3956933 -0.06249321
v 0.05831465 -0.3937609 -0.05427653
v 0.06121421 -0.4137283 -0.05036402
v 0.05303013 -0.4128617 -0.05242431
v 0.06888449 -0.4157069 -0.05340183
v 0.07311112 -0.4180417 -0.06037754
v 0.07227948 -0.4198413 -0.06862664
v 0.06670758 -0.4204178 -0.07499826
v 0.05852342 -0.4195511 -0.07705867
v 0.05085313 -0.4175726 -0.07402062
v 0.04662651 -0.4152378 -0.06704485
v 0.04745808 -0.4134382 -0.05879593
v 0.05251333 -0.4336092 -0.05486417
v 0.04432836 -0.432748 -0.05692327
v 0.06019387 -0.4355247 -0.05791646
v 0.06443638 -0.4377626 -0.06491441
v 0.06362 -0.4394686 -0.07318485
v 0.05805698 -0.4399903 -0.07956892
v 0.04987189 -0.4391292 -0.08162808
v 0.04219133 -0.4372137 -0.07857567
v 0.03794885 -0.4349758 -0.07157773
v 0.03876522 -0.43327 -0.06330729
v 0.04712459 -0.454507 -0.05964887
v 0.03887764 -0.4541206 -0.06160223
v 0.0548625 -0.4559816 -0.06279933
v 0.05913597 -0.4579812 -0.06985033
v 0.05831245 -0.4597424 -0.07810849
v 0.05270672 -0.4605919 -0.08441955
v 0.04445982 -0.4602057 -0.08637291
v 0.03672183 -0.4587309 -0.08322245
v 0.03244835 -0.4567313 -0.0761714
v 0.03327185 -0.4549702 -0.06791329
v 0.04813415 -0.4754995 -0.06263179
v 0.03984904 -0.476019 -0.06438237
v 0.05590761 -0.4761314 -0.06597102
v 0.06020033 -0.4776728 -0.07312459
v 0.05937257 -0.4795356 -0.08136004
v 0.05374056 -0.4810078 -0.08753163
v 0.04545555 -0.4815271 -0.08928221
v 0.037682 -0.4808954 -0.08594298
v 0.03338924 -0.4793539 -0.07878941
v 0.034217 -0.4774911 -0.07055408
v 0.05634186 -0.4969029 -0.06276089
v 0.0480696 -0.4977664 -0.06443429
v 0.06410316 -0.4972074 -0.06617343
v 0.06838903 -0.4985633 -0.07336861
v 0.06756225 -0.5004534 -0.08159781
v 0.06193873 -0.5021548 -0.08771819
v 0.0536665 -0.5030184 -0.08939159
v 0.04590511 -0.5027138 -0.08597904
v 0.0416193 -0.5013578 -0.07878387
v 0.04244608 -0.499468 -0.07055461
v 0.06683618 -0.5170367 -0.06107825
v 0.05857483 -0.5180579 -0.06271684
v 0.07458553 -0.5171696 -0.06452882
v 0.07886297 -0.5184056 -0.07175046
v 0.07803467 -0.5202731 -0.07998466
v 0.07241699 -0.5220582 -0.08608651
v 0.06415579 -0.5230794 -0.08772504
v 0.05640629 -0.5229464 -0.08427453
v 0.05212885 -0.5217104 -0.07705283
v 0.05295718 -0.5198431 -0.06881851
v 0.07923436 -0.5373351 -0.05899173
v 0.07099307 -0.5385681 -0.06058466
v 0.08696228 -0.5372411 -0.0624913
v 0.09122515 -0.5383219 -0.06974643
v 0.09039456 -0.540165 -0.07798594
v 0.08478782 -0.5420659 -0.08406276
v 0.07654652 -0.5432989 -0.08565557
v 0.06881851 -0.5433928 -0.08215612
v 0.06455564 -0.542312 -0.07490093
v 0.06538635 -0.540469 -0.06666142
v 0.09081924 -0.5537382 -0.05693936
v 0.08258307 -0.5550166 -0.05852282
v 0.09853894 -0.5535706 -0.06045431
v 0.1027935 -0.5545771 -0.06772506
v 0.1019577 -0.5563743 -0.07597417
v 0.096351 -0.5582749 -0.0820511
v 0.08811477 -0.5595532 -0.08363444
v 0.08039504 -0.5597211 -0.08011943
v 0.07614043 -0.5587143 -0.0728488
v 0.07697627 -0.5569173 -0.06459963
v 0.1042798 -0.5711655 -0.05468756
v 0.09606871 -0.5726381 -0.05623186
v 0.1119707 -0.5707734 -0.05824775
v 0.1162034 -0.5716112 -0.06555259
v 0.1153613 -0.5733595 -0.07381147
v 0.1097661 -0.57535 -0.07987016
v 0.101555 -0.5768226 -0.08141452
v 0.09386423 -0.5772148 -0.07785416
v 0.08963141 -0.5763769 -0.07054949
v 0.09047353 -0.5746287 -0.06229055
v -0.01955803 -0.2969857 -0.07559007
v -0.02329987 -0.2986671 -0.08148515
v -0.02384807 -0.2810919 -0.08188146
v -0.02014033 -0.279261 -0.07600945
v -0.02282242 -0.2996708 -0.08858055
v -0.02337834 -0.2820616 -0.08898211
v -0.01830806 -0.2996136 -0.0941661
v -0.01891062 -0.2817998 -0.09459919
v -0.0114812 -0.2985172 -0.0961082
v -0.01215138 -0.2804067 -0.09658706
v -0.004949436 -0.2968006 -0.09366512
v -0.005682409 -0.2784144 -0.09418648
v -0.00120768 -0.295119 -0.08777004
v -0.001974687 -0.2765833 -0.08831447
v -0.001685113 -0.2941154 -0.08067465
v -0.002444386 -0.2756137 -0.08121383
v -0.00619939 -0.2941726 -0.0750891
v -0.006912112 -0.2758754 -0.07559675
v -0.0130263 -0.2952689 -0.07314706
v -0.01367137 -0.2772685 -0.07360888
v -0.004495651 -0.5206908 -0.1042178
v 0.002256006 -0.5191659 -0.1061333
v 0.006678268 -0.5184292 -0.1117442
v 0.007081956 -0.5187618 -0.1189071
v 0.003312856 -0.5200369 -0.1248859
v -0.003189266 -0.5217672 -0.1273973
v -0.009941027 -0.5232921 -0.1254818
v -0.01436326 -0.5240288 -0.1198709
v -0.01476707 -0.5236962 -0.112708
v -0.01099792 -0.5224211 -0.1067291
v -0.008525223 -0.3118706 -0.07465374
v -0.01545134 -0.312354 -0.07281661
v -0.003924102 -0.3123494 -0.08014733
v -0.003405273 -0.313608 -0.08719909
v -0.00716722 -0.3151656 -0.09311539
v -0.0137727 -0.3164269 -0.09563655
v -0.0206988 -0.3169105 -0.09379935
v -0.02530001 -0.3164315 -0.08830571
v -0.02581877 -0.315173 -0.08125395
v -0.02205686 -0.3136154 -0.07533765
v -0.01309496 -0.3287148 -0.07534277
v -0.0200662 -0.3286504 -0.07361728
v -0.008452773 -0.3296918 -0.08073497
v -0.00791277 -0.3312079 -0.08773428
v -0.01168132 -0.3326845 -0.09366703
v -0.01831889 -0.3335569 -0.09626746
v -0.02529016 -0.3334923 -0.09454191
v -0.02993232 -0.3325155 -0.08914965
v -0.03047231 -0.3309994 -0.08215034
v -0.02670373 -0.329523 -0.07621759
v -0.02220263 -0.3434858 -0.0755012
v -0.0291815 -0.3430088 -0.07387382
v -0.01755278 -0.3448797 -0.08079422
v -0.01700795 -0.3466581 -0.08773112
v -0.02077642 -0.3481421 -0.0936622
v -0.02741852 -0.3487644 -0.096322
v -0.03439744 -0.3482873 -0.09469467
v -0.03904726 -0.3468934 -0.08940154
v -0.03959204 -0.3451151 -0.08246464
v -0.03582355 -0.3436311 -0.07653362
v -0.0309474 -0.3587744 -0.07532018
v -0.0379227 -0.3581317 -0.0737353
v -0.02630009 -0.3602867 -0.0805828
v -0.02575579 -0.3620909 -0.08751309
v -0.02952264 -0.3634984 -0.09346384
v -0.03616154 -0.3639709 -0.09616208
v -0.04313692 -0.3633282 -0.09457725
v -0.04778427 -0.3618159 -0.08931452
v -0.0483285 -0.3600117 -0.08238423
v -0.04456168 -0.3586042 -0.07643354
v -0.04076448 -0.3755461 -0.07530743
v -0.04774056 -0.3749273 -0.07371676
v -0.03611392 -0.3769642 -0.08059341
v -0.03556526 -0.37864 -0.08755547
v -0.03932828 -0.3799336 -0.09353447
v -0.04596528 -0.3803504 -0.09624648
v -0.05294152 -0.3797315 -0.09465587
v -0.05759197 -0.3783134 -0.08936971
v -0.05814059 -0.3766378 -0.08240759
v -0.05437772 -0.3753441 -0.07642883
v -0.04894271 -0.3924125 -0.07611614
v -0.05591898 -0.3917983 -0.07452434
v -0.0442903 -0.3937765 -0.08141464
v -0.04373866 -0.3953694 -0.08839601
v -0.04749876 -0.3965827 -0.09439343
v -0.0541342 -0.3969527 -0.09711647
v -0.06111054 -0.3963386 -0.09552461
v -0.06576295 -0.3949745 -0.09022605
v -0.06631455 -0.3933817 -0.08324462
v -0.06255442 -0.3921684 -0.0772472
v -0.05472025 -0.4100593 -0.07843751
v -0.06170033 -0.4098511 -0.07675946
v -0.05006434 -0.4110463 -0.08381587
v -0.04951091 -0.4124354 -0.09084052
v -0.05327147 -0.4136959 -0.09682798
v -0.05990945 -0.4143462 -0.09949142
v -0.06688951 -0.4141381 -0.09781349
v -0.07154542 -0.413151 -0.09243494
v -0.07209884 -0.4117621 -0.0854103
v -0.06833835 -0.4105015 -0.07942283
v -0.05497436 -0.4277028 -0.08183694
v -0.06190084 -0.4282676 -0.08002424
v -0.05036838 -0.4279706 -0.08734083
v -0.04984215 -0.4289686 -0.09443367
v -0.05359665 -0.430316 -0.1004061
v -0.0601978 -0.4314976 -0.1029768
v -0.06712408 -0.4320624 -0.101164
v -0.07173015 -0.4317946 -0.09566003
v -0.07225648 -0.4307966 -0.08856732
v -0.06850198 -0.4294492 -0.08259493
v -0.04869774 -0.4456245 -0.08583605
v -0.05558306 -0.4464822 -0.08398241
v -0.04413077 -0.4456136 -0.09137887
v -0.04362664 -0.4464536 -0.09849375
v -0.04737785 -0.4478241 -0.1044627
v -0.0539517 -0.449201 -0.1070063
v -0.060837 -0.4500589 -0.1051526
v -0.06540404 -0.4500697 -0.09960979
v -0.06590813 -0.4492297 -0.09249496
v -0.0621569 -0.4478593 -0.08652592
v -0.04000942 -0.4624774 -0.08929121
v -0.04687233 -0.4634694 -0.08742106
v -0.03546697 -0.4623206 -0.09485191
v -0.03497997 -0.4630585 -0.1019792
v -0.03873439 -0.4644099 -0.1079506
v -0.04529622 -0.465858 -0.1104854
v -0.05215903 -0.46685 -0.1086153
v -0.0567016 -0.4670068 -0.1030546
v -0.05718862 -0.4662688 -0.09592724
v -0.0534341 -0.4649176 -0.08995575
v -0.02972724 -0.4794409 -0.09317195
v -0.03655636 -0.480613 -0.09128273
v -0.02522095 -0.4790911 -0.09875327
v -0.02475856 -0.4796971 -0.1058946
v -0.0285169 -0.4810278 -0.1118683
v -0.0350603 -0.4825743 -0.1143926
v -0.04188941 -0.4837464 -0.1125033
v -0.04639581 -0.484096 -0.106922
v -0.04685809 -0.48349 -0.0997805
v -0.04309972 -0.4821595 -0.09380692
v -0.02009501 -0.4931264 -0.09662747
v -0.02691637 -0.4943371 -0.09473455
v -0.0156012 -0.4927142 -0.1022146
v -0.01515156 -0.493257 -0.1093619
v -0.01891765 -0.4945487 -0.1153392
v -0.02546108 -0.4960949 -0.1178635
v -0.0322825 -0.4973054 -0.1159706
v -0.03677632 -0.4977179 -0.1103834
v -0.03722604 -0.4971747 -0.1032361
v -0.03345984 -0.4958833 -0.09725887
v -0.008963168 -0.5076438 -0.1006835
v -0.0157496 -0.5090193 -0.09877771
v -0.004509732 -0.5070409 -0.1062857
v -0.004090548 -0.5074406 -0.1134443
v -0.007865459 -0.5086907 -0.1194248
v -0.0143927 -0.5103133 -0.1219431
v -0.02117911 -0.5116888 -0.1200373
v -0.02563247 -0.5122918 -0.114435
v -0.02605182 -0.511892 -0.1072764
v -0.02227686 -0.5106419 -0.1012959
v -0.06014864 -0.01396096 -0.07643598
v -0.05407256 -0.01138139 -0.07926571
v -0.04159474 -0.02605784 -0.07988971
v -0.04783644 -0.02837181 -0.07719404
v -0.04980899 -0.01158321 -0.08504158
v -0.03729093 -0.02632439 -0.0856331
v -0.04898649 -0.01448953 -0.09155756
v -0.03656889 -0.02906942 -0.09223032
v -0.05191924 -0.01898992 -0.09632468
v -0.03970446 -0.03324461 -0.09716147
v -0.05748703 -0.0233655 -0.09752202
v -0.04549992 -0.03725505 -0.09854305
v -0.06356311 -0.02594507 -0.09469235
v -0.0517416 -0.03956902 -0.09584737
v -0.06782666 -0.02574313 -0.08891642
v -0.05604541 -0.03930247 -0.09010398
v -0.06864914 -0.02283704 -0.0824005
v -0.05676743 -0.03655744 -0.08350676
v -0.0657164 -0.01833653 -0.07763338
v -0.0536319 -0.03238225 -0.07857561
v -0.01367137 -0.2772685 -0.07360888
v -0.006912112 -0.2758754 -0.07559675
v -0.002444386 -0.2756137 -0.08121383
v -0.001974687 -0.2765833 -0.08831447
v -0.005682409 -0.2784144 -0.09418648
v -0.01215138 -0.2804067 -0.09658706
v -0.01891062 -0.2817998 -0.09459919
v -0.02337834 -0.2820616 -0.08898211
v -0.02384807 -0.2810919 -0.08188146
v -0.02014033 -0.279261 -0.07600945
v -0.02948992 -0.0391928 -0.08151406
v -0.03591812 -0.04115188 -0.07898021
v -0.02512152 -0.03958237 -0.08720136
v -0.02448153 -0.04217112 -0.09386986
v -0.02781445 -0.04597068 -0.0989722
v -0.03384711 -0.04952979 -0.1005597
v -0.04027532 -0.05148876 -0.0980258
v -0.04464369 -0.05109942 -0.0923385
v -0.04528369 -0.04851055 -0.08567005
v -0.04195079 -0.04471087 -0.08056766
v -0.02111018 -0.05534768 -0.08124512
v -0.02776583 -0.05675757 -0.07894415
v -0.01661105 -0.05605268 -0.08679855
v -0.01598692 -0.05860329 -0.09348327
v -0.01947621 -0.06202543 -0.09874576
v -0.02574611 -0.06501162 -0.1005761
v -0.03240171 -0.06642163 -0.09827507
v -0.03690085 -0.06571662 -0.0927217
v -0.03752498 -0.06316602 -0.08603698
v -0.03403571 -0.05974388 -0.08077449
v -0.01690498 -0.07268906 -0.08012956
v -0.02382377 -0.07311952 -0.07825214
v -0.01219781 -0.07416844 -0.08534819
v -0.01150025 -0.07699227 -0.09191477
v -0.01507881 -0.08008218 -0.09732091
v -0.02156651 -0.08225763 -0.09950179
v -0.02848533 -0.08268809 -0.09762436
v -0.03319244 -0.08120883 -0.09240568
v -0.03389001 -0.078385 -0.08583915
v -0.03031145 -0.07529509 -0.08043295
v -0.01974258 -0.08992422 -0.07889795
v -0.02676272 -0.08938754 -0.07748032
v -0.01494925 -0.09222627 -0.08372539
v -0.0142135 -0.0954144 -0.09011865
v -0.0178165 -0.09827125 -0.09563565
v -0.02438189 -0.0997051 -0.09816927
v -0.03140202 -0.09916866 -0.09675157
v -0.03619537 -0.09686637 -0.09192413
v -0.03693114 -0.09367824 -0.08553088
v -0.03332815 -0.09082162 -0.08001387
v -0.0279451 -0.1065847 -0.07471693
v -0.03496629 -0.1058518 -0.07339555
v -0.0231514 -0.1089526 -0.079512
v -0.02241611 -0.1120511 -0.0859493
v -0.02602024 -0.1146969 -0.09156984
v -0.03258698 -0.1158789 -0.09422684
v -0.03960818 -0.1151462 -0.09290558
v -0.04440185 -0.1127782 -0.08811045
v -0.04513717 -0.1096796 -0.08167315
v -0.04153304 -0.107034 -0.07605261
v -0.03478935 -0.1242422 -0.07102895
v -0.04179904 -0.1232222 -0.06984395
v -0.03000233 -0.126776 -0.07574528
v -0.0292663 -0.129856 -0.08219135
v -0.03286256 -0.1323059 -0.08790493
v -0.03941733 -0.1331897 -0.09070379
v -0.04642706 -0.1321696 -0.08951879
v -0.05121405 -0.1296358 -0.08480245
v -0.05195011 -0.1265559 -0.07835639
v -0.04835382 -0.1241059 -0.07264274
v -0.04077056 -0.1411656 -0.06867653
v -0.04777661 -0.1400955 -0.06751448
v -0.03597969 -0.1436472 -0.07341671
v -0.03523386 -0.1465921 -0.07992452
v -0.03881809 -0.1488758 -0.08571404
v -0.04536314 -0.1496258 -0.08857399
v -0.05236916 -0.1485556 -0.08741188
v -0.05716003 -0.1460742 -0.0826717
v -0.05790587 -0.1431291 -0.07616389
v -0.05432168 -0.1408457 -0.07037437
v -0.04610741 -0.15863 -0.0678907
v -0.05312516 -0.1577353 -0.06665349
v -0.04130204 -0.1608938 -0.07272434
v -0.04054438 -0.163662 -0.07930791
v -0.04412405 -0.1658773 -0.0851267
v -0.05067353 -0.1666934 -0.08795822
v -0.05769126 -0.1657989 -0.08672094
v -0.06249668 -0.163535 -0.08188736
v -0.06325433 -0.160767 -0.07530379
v -0.05967468 -0.1585516 -0.06948501
v -0.04821771 -0.1756167 -0.06946844
v -0.05523542 -0.175438 -0.0679518
v -0.04341234 -0.1772227 -0.0745585
v -0.04265474 -0.1796428 -0.08127779
v -0.04623438 -0.1819528 -0.08705974
v -0.05278386 -0.1832701 -0.08969587
v -0.05980152 -0.1830916 -0.08817923
v -0.06460685 -0.1814855 -0.08308911
v -0.06536447 -0.1790655 -0.07636982
v -0.06178485 -0.1767555 -0.07058787
v -0.04368006 -0.1936613 -0.07067007
v -0.05061837 -0.1942286 -0.06890416
v -0.03895377 -0.194525 -0.07600826
v -0.03824461 -0.19649 -0.0828796
v -0.04182361 -0.198806 -0.08865952
v -0.04832359 -0.200588 -0.09114033
v -0.05526187 -0.2011554 -0.08937442
v -0.05998817 -0.2002916 -0.08403629
v -0.0606973 -0.1983266 -0.07716489
v -0.05711833 -0.1960107 -0.07138503
v -0.0368516 -0.2096132 -0.07095915
v -0.04369657 -0.2106675 -0.06905788
v -0.0322233 -0.2099657 -0.07643956
v -0.03157941 -0.2115903 -0.08340567
v -0.03516603 -0.2138666 -0.08919662
v -0.04161306 -0.2159247 -0.0916006
v -0.04845802 -0.2169789 -0.08969933
v -0.05308634 -0.2166264 -0.08421892
v -0.05373023 -0.2150021 -0.07725286
v -0.05014364 -0.2127258 -0.07146192
v -0.02819215 -0.2259765 -0.07186759
v -0.03494564 -0.2273979 -0.06988019
v -0.02366234 -0.2259334 -0.07744062
v -0.02308649 -0.227285 -0.08447075
v -0.02668445 -0.2295157 -0.09027243
v -0.03308198 -0.2317725 -0.09262979
v -0.03983547 -0.233194 -0.09064245
v -0.04436529 -0.2332371 -0.0850693
v -0.04494119 -0.2318853 -0.07803929
v -0.04134318 -0.2296549 -0.07223761
v -0.0186457 -0.2423142 -0.07334572
v -0.02536157 -0.2438695 -0.07133144
v -0.014171 -0.2420746 -0.07895821
v -0.01364665 -0.2432425 -0.08602506
v -0.01727304 -0.2453721 -0.09184712
v -0.02366485 -0.2476491 -0.09420037
v -0.03038073 -0.2492046 -0.09218615
v -0.03485544 -0.2494442 -0.08657366
v -0.03537972 -0.2482764 -0.0795067
v -0.03175344 -0.2461468 -0.07368475
v -0.01084 -0.2590069 -0.07457662
v -0.01756454 -0.2605314 -0.07256782
v -0.006382316 -0.2587069 -0.08019978
v -0.005894259 -0.2597462 -0.08728927
v -0.009562224 -0.261728 -0.09313726
v -0.0159851 -0.263895 -0.09551001
v -0.02270973 -0.2654195 -0.09350127
v -0.02716738 -0.2657195 -0.08787805
v -0.02765547 -0.2646803 -0.08078849
v -0.02398753 -0.2626984 -0.07494056
v -0.006912112 -0.2758754 -0.07559675
v -0.01367137 -0.2772685 -0.07360888
v -0.002444386 -0.2756137 -0.08121383
v -0.001974687 -0.2765833 -0.08831447
v -0.005682409 -0.2784144 -0.09418648
v -0.01215138 -0.2804067 -0.09658706
v -0.01891062 -0.2817998 -0.09459919
v -0.02337834 -0.2820616 -0.08898211
v -0.02384807 -0.2810919 -0.08188146
v -0.02014033 -0.279261 -0.07600945
vn 1.242638E-09 -1.922576E-06 1
vn 0.5 -1.749849E-06 0.8660254
vn 0.8660254 -1.108251E-06 0.5
vn 1 -1.696982E-07 -4.495435E-08
vn 0.8660254 8.14325E-07 -0.5000001
vn 0.5000001 1.58015E-06 -0.8660254
vn -8.866542E-08 1.922576E-06 -1
vn -0.5000002 1.749849E-06 -0.8660253
vn -0.8660254 1.108251E-06 -0.4999999
vn -1 1.696983E-07 1.316784E-08
vn -0.8660254 -8.143247E-07 0.4999999
vn -0.4999998 -1.580151E-06 0.8660256
vn -0.6644452 0.3420898 0.664445
vn 0.1904182 -0.677286 0.7106507
vn -0.9076478 0.3420925 0.2432041
vn -0.9076473 0.3420951 -0.2432025
vn -0.6644433 0.3420979 -0.6644427
vn -0.2432025 0.3421004 -0.9076452
vn 0.2432025 0.342101 -0.907645
vn 0.6644429 0.3420993 -0.6644424
vn 0.9076467 0.3420971 -0.243202
vn 0.9076472 0.3420944 0.2432036
vn 0.664445 0.3420909 0.6644446
vn 0.2432029 0.3420886 0.9076495
vn -0.2432028 0.3420883 0.9076497
vn -0.3538898 0.8657508 0.3538891
vn -0.4834205 0.8657514 0.1295344
vn -0.4834201 0.8657524 -0.1295294
vn -0.3538869 0.8657531 -0.3538867
vn -0.1295311 0.8657537 -0.4834173
vn 0.1295313 0.8657539 -0.4834166
vn 0.3538856 0.8657541 -0.3538853
vn 0.4834189 0.8657533 -0.1295277
vn 0.4834193 0.865752 0.1295338
vn 0.3538887 0.8657517 0.3538879
vn 0.1295313 0.865751 0.483422
vn -0.1295313 0.8657508 0.4834223
vn -0.2946465 0.9090468 0.2946481
vn -0.402493 0.9090478 0.1078496
vn -0.4024906 0.9090495 -0.107844
vn -0.2946421 0.9090506 -0.2946404
vn -0.1078472 0.9090504 -0.4024875
vn 0.1078474 0.9090511 -0.4024862
vn 0.2946419 0.9090508 -0.2946399
vn 0.40249 0.9090498 -0.1078432
vn 0.4024923 0.9090481 0.1078488
vn 0.2946467 0.9090469 0.2946472
vn 0.1078486 0.9090471 0.402495
vn -0.1078487 0.9090466 0.4024958
vn 1.696983E-07 1 1.922576E-06
vn 0.5202333 -0.6772859 0.5202318
vn 0.7106519 -0.6772851 0.1904174
vn 0.7106521 -0.6772842 -0.1904197
vn 0.5202325 -0.6772841 -0.5202348
vn 0.1904191 -0.6772837 -0.7106528
vn -0.1904193 -0.6772834 -0.7106531
vn -0.5202333 -0.6772839 -0.5202343
vn -0.7106517 -0.6772847 -0.1904196
vn -0.7106515 -0.6772855 0.1904172
vn -0.5202336 -0.6772857 0.5202317
vn -0.1904179 -0.677286 0.7106509
vn 0.09800728 -0.9255315 0.3657677
vn 0.2677615 -0.9255312 0.2677603
vn 0.365769 -0.9255311 0.09800592
vn 0.3657677 -0.9255311 -0.09801089
vn 0.2677605 -0.9255306 -0.2677638
vn 0.09800815 -0.9255303 -0.3657707
vn -0.0980078 -0.9255307 -0.3657696
vn -0.2677611 -0.9255309 -0.2677624
vn -0.3657681 -0.9255311 -0.09800925
vn -0.3657694 -0.925531 0.09800605
vn -0.2677618 -0.9255314 0.2677597
vn -0.09800702 -0.9255322 0.3657662
vn 0.08472464 -0.944903 0.3161961
vn 0.2314724 -0.9449029 0.2314717
vn 0.3161972 -0.9449029 0.08472283
vn 0.3161981 -0.944902 -0.084728
vn 0.2314741 -0.9449014 -0.2314757
vn 0.08472464 -0.9449015 -0.3162007
vn -0.08472496 -0.9449016 -0.3162005
vn -0.2314742 -0.9449018 -0.2314741
vn -0.3161982 -0.9449022 -0.08472621
vn -0.3161972 -0.944903 0.08472174
vn -0.2314722 -0.9449028 0.231472
vn -0.08472493 -0.9449027 0.3161969
vn -1.696983E-07 -1 -1.922576E-06
vn 0.08545846 0.3601186 0.9289841
vn 0.09196916 0.7772096 0.6224846
vn 0.0738368 0.986048 0.1491908
vn 0.03591993 0.9306756 -0.3640785
vn -0.01162165 0.6259294 -0.7797933
vn -0.05604922 0.153466 -0.9865631
vn -0.08545846 -0.3601186 -0.9289841
vn -0.09196917 -0.7772098 -0.6224844
vn -0.0738368 -0.986048 -0.1491907
vn -0.03591994 -0.9306756 0.3640785
vn 0.01162164 -0.6259295 0.7797932
vn 0.05604925 -0.1534657 0.9865631
vn -0.2965675 -0.3593495 0.8848253
vn 0.9956942 -0.06448261 -0.06659858
vn -0.3901083 -0.7207679 0.572983
vn -0.3936501 -0.910404 0.1272963
vn -0.2928264 -0.8788842 -0.3765842
vn -0.09194784 -0.5887177 -0.8030923
vn 0.1410438 -0.1182727 -0.9829131
vn 0.3170169 0.3550722 -0.8794454
vn 0.4008838 0.7164031 -0.5710158
vn 0.3894155 0.9122394 -0.1271814
vn 0.2801973 0.8821652 0.378516
vn 0.08874083 0.5889226 0.8033028
vn -0.1259916 0.1176486 0.9850305
vn -0.2856045 -0.3708313 0.8836936
vn -0.4884155 -0.6932431 0.5299666
vn -0.5620904 -0.8218642 0.09270392
vn -0.5230157 -0.7742579 -0.356342
vn -0.3577091 -0.5370649 -0.7639408
vn -0.05504413 -0.1054125 -0.9929041
vn 0.2831693 0.371269 -0.8842933
vn 0.5043194 0.6855299 -0.5250819
vn 0.5810049 0.8087592 -0.09133701
vn 0.5323189 0.7688528 0.3542629
vn 0.3480673 0.5396543 0.7665654
vn 0.03520836 0.1068196 0.9936549
vn -0.2719191 -0.4050166 0.8729386
vn -0.49252 -0.7649591 -0.4150444
vn -0.304785 -0.4981065 -0.8117858
vn 0.5350409 0.740772 0.4061879
vn 0.3371361 0.4888234 0.8046061
vn -0.640987 -0.6172466 0.4562266
vn -0.7762553 -0.6292287 0.03872154
vn -0.7775565 -0.5388933 -0.3240374
vn -0.6514149 -0.3555759 -0.6702424
vn -0.2883775 -0.0185177 -0.9573378
vn 0.3044395 0.397147 -0.8657893
vn 0.6797934 0.587035 -0.4396262
vn 0.797071 0.6027426 -0.03714444
vn 0.7817333 0.5340768 0.3219555
vn 0.6378844 0.3633229 0.6790436
vn 0.2740221 0.02070231 0.9615005
vn -0.8777795 -0.09183341 0.4701808
vn -0.9461381 -0.2309321 0.2269213
vn -0.9663693 -0.2569994 -0.009049966
vn -0.9557428 -0.2019546 -0.2139405
vn -0.92115 -0.0802018 -0.3808551
vn -0.8609764 0.1077772 -0.4970956
vn -0.767897 0.3624139 -0.5281956
vn -0.6393721 0.6503751 -0.4101413
vn -0.5105503 0.8542295 -0.09813659
vn -0.4712571 0.8247545 0.3125654
vn -0.5728744 0.5514597 0.6063887
vn -0.7435609 0.1875964 0.6418138
vn -0.5930257 0.4031889 0.6969643
vn -0.3409671 0.8038316 0.4874384
vn 0.002453442 0.9890883 0.1473038
vn 0.3452165 0.9093195 -0.2323007
vn 0.5954791 0.5858993 -0.5496604
vn 0.6861836 0.105488 -0.7197391
vn 0.5930257 -0.403189 -0.6969643
vn 0.3409669 -0.8038318 -0.4874384
vn -0.002453478 -0.9890882 -0.1473038
vn -0.3452165 -0.9093195 0.2323007
vn -0.5954791 -0.5858994 0.5496604
vn -0.6861836 -0.1054877 0.7197392
vn -0.8668406 -0.3036627 0.3954446
vn 0.7274243 -0.1028433 0.6784373
vn -0.7268927 -0.6767959 0.1165092
vn -0.417714 -0.8883849 -0.1904917
vn 0.01870441 -0.8858482 -0.4635981
vn 0.4833938 -0.6247891 -0.6131632
vn 0.8022188 -0.1725068 -0.5715649
vn 0.8767083 0.2989428 -0.3768499
vn 0.7325931 0.6721582 -0.107288
vn 0.4148373 0.8903721 0.1874768
vn -0.02856916 0.8896658 0.4557176
vn -0.485734 0.6251173 0.6109753
vn -0.7934659 0.1714594 0.5839637
vn -0.8591976 -0.3155665 0.4027373
vn -0.76147 -0.6480201 0.01527329
vn -0.5028003 -0.7958112 -0.3374558
vn -0.1475218 -0.7722793 -0.6179175
vn 0.2758331 -0.5618864 -0.7798716
vn 0.6757259 -0.1532556 -0.721046
vn 0.8579884 0.3160591 -0.4049228
vn 0.7683696 0.6400064 -0.0002913051
vn 0.5139878 0.7821324 0.3522578
vn 0.1550826 0.7664515 0.6232988
vn -0.284193 0.5649432 0.7746441
vn -0.6897923 0.1553976 0.7071338
vn -0.8440905 -0.3507115 0.4056018
vn -0.08347395 -0.7670292 -0.636159
vn 0.3491988 -0.5272776 -0.7746215
vn 0.1175942 0.7409418 0.6611937
vn -0.3223645 0.5165092 0.7932838
vn -0.8080494 -0.5704966 -0.1469351
vn -0.5988649 -0.5987015 -0.5318998
vn -0.3312477 -0.5267529 -0.7828194
vn 0.01744967 -0.3656613 -0.9305844
vn 0.4951539 -0.05650217 -0.8669661
vn 0.8607377 0.3420693 -0.3769871
vn 0.8207976 0.5398087 0.1868096
vn 0.6103904 0.5716103 0.5483477
vn 0.3353296 0.5216932 0.7844681
vn -0.03264182 0.3743141 0.9267274
vn -0.5078872 0.0593987 0.8593732
vn 0.2622921 0.5631428 0.783628
vn 0.401882 0.8358798 0.3738929
vn 0.59048 0.8035191 -0.075435
vn 0.7300795 0.5700974 -0.3767928
vn 0.8111205 0.2863679 -0.5099775
vn 0.8536044 0.01454235 -0.5207188
vn 0.8690115 -0.2329461 -0.4365264
vn 0.855647 -0.4493082 -0.2568862
vn 0.7962807 -0.6038325 0.03637572
vn 0.6602098 -0.6110033 0.4368042
vn 0.4515356 -0.3628638 0.8151352
vn 0.2797168 0.09568981 0.955302
vn 0.3895863 0.9021153 0.1855013
vn 0.79488 0.5802102 0.1775443
vn 0.9871863 0.1028382 0.1220144
vn 0.9149768 -0.4020891 0.03379082
vn 0.5976 -0.7992771 -0.06348696
vn 0.1200969 -0.9822993 -0.1437534
vn -0.3895864 -0.9021153 -0.1855013
vn -0.7948802 -0.58021 -0.1775443
vn -0.9871863 -0.1028382 -0.1220144
vn -0.9149768 0.4020891 -0.03379082
vn -0.5976001 0.7992769 0.06348693
vn -0.1200965 0.9822994 0.1437535
vn 0.1050713 0.156565 -0.982063
vn -0.1050713 -0.156565 0.982063
vn 0.3836881 0.9137231 0.1337681
vn 0.793162 0.606238 0.05804986
vn 0.9901088 0.1363119 -0.03322282
vn 0.9217567 -0.3701389 -0.1155935
vn 0.6064206 -0.7774112 -0.166991
vn 0.1285948 -0.9763769 -0.1736433
vn -0.3836882 -0.9137231 -0.1337681
vn -0.7931622 -0.6062379 -0.05804983
vn -0.9901088 -0.1363118 0.03322283
vn -0.9217567 0.3701389 0.1155935
vn -0.6064208 0.7774112 0.1669909
vn -0.1285944 0.9763769 0.1736433
vn -0.05610754 0.1676535 -0.9842483
vn 0.05610754 -0.1676535 0.9842483
vn 0.0604766 0.9964315 -0.05888111
vn 0.08393901 -0.9942117 0.06706246
vn 0.9932928 0.1039089 0.05072089
vn -0.442742 0.892947 -0.08139561
vn 0.05740349 -0.06236371 -0.9964013
vn -0.05740349 0.06236371 0.9964013
vn -0.1950449 0.04960547 0.9795392
vn 0.4207862 -0.9035549 0.08079308
vn 0.2021935 -0.04890636 -0.9781237
vn -0.7006882 0.7091644 -0.07824311
vn -0.4092878 0.9107547 -0.05485805
vn 0.1290903 -0.01340054 -0.9915423
vn -0.1240114 0.01409174 0.9921807
vn 0.4616295 -0.8850922 0.05924672
vn -0.2375142 -0.001563467 0.9713829
vn 0.7401786 -0.6674966 0.08114263
vn 0.2460493 0.002757586 -0.9692534
vn -0.9358135 0.3257363 -0.1347186
vn -0.7075933 0.7003908 -0.09361935
vn 0.1864321 0.02756502 -0.9820811
vn -0.181722 -0.02636736 0.9829963
vn 0.7258936 -0.6809731 0.09671739
vn -0.2426815 -0.04190593 0.9692005
vn 0.932135 -0.3364175 0.1339685
vn 0.2464444 0.04286782 -0.9682084
vn -0.9627478 -0.1953785 -0.1869331
vn -0.937327 0.3143427 -0.1503555
vn 0.14866 0.05558562 -0.987325
vn -0.1482667 -0.05550544 0.9873886
vn 0.9259492 -0.348216 0.1461636
vn 0.1777258 0.2057316 -0.9623347
vn -0.1777259 -0.2057318 0.9623347
vn -0.0764188 0.2703295 0.9597303
vn 0.02776455 0.7038926 0.7097636
vn 0.1254448 0.9546717 0.2699361
vn 0.1902947 0.9498473 -0.2481493
vn 0.2032024 0.6845825 -0.7000398
vn 0.16089 0.2357856 -0.9583942
vn 0.07642077 -0.2703308 -0.9597297
vn -0.0277629 -0.7038923 -0.7097639
vn -0.1254413 -0.9546728 -0.269934
vn -0.1902938 -0.9498473 0.2481498
vn -0.2032003 -0.6845832 0.7000396
vn -0.1608888 -0.235786 0.9583943
vn -0.957492 0.09428571 -0.2726157
vn 0.957492 -0.09428571 0.2726157
vn -0.285881 0.4609212 0.8401332
vn 0.01214165 0.8157925 0.5782172
vn 0.3046038 0.9395786 0.1562327
vn 0.5079867 0.8086538 -0.2966961
vn 0.5775478 0.473097 -0.6652951
vn 0.4996729 0.01398764 -0.8661012
vn 0.2858807 -0.4609217 -0.8401331
vn -0.01214078 -0.8157924 -0.5782175
vn -0.3046035 -0.9395787 -0.1562327
vn -0.5079855 -0.8086544 0.2966964
vn -0.5775473 -0.4730968 0.6652958
vn -0.4996723 -0.01398823 0.8661015
vn -0.9995664 -0.003621893 -0.02922051
vn 0.9320843 -0.1905259 0.3080888
vn -0.9792784 -0.1290971 -0.1560372
vn -0.91774 -0.226447 -0.3263052
vn -0.7945821 -0.2510862 -0.5528065
vn -0.6077173 -0.1268733 -0.7839534
vn -0.4121545 0.1697076 -0.8951693
vn -0.3062519 0.5359224 -0.7867635
vn -0.3560053 0.7976908 -0.4867746
vn -0.5412648 0.8292732 -0.1390619
vn -0.7611147 0.6423432 0.08999841
vn -0.9153075 0.3776551 0.1399605
vn -0.9806224 0.1497211 0.1263465
vn -0.9725717 -0.183284 0.1432174
vn -0.9978626 -0.05811955 -0.02987152
vn -0.9969636 0.07038456 0.03331093
vn -0.9459541 -0.1756486 -0.2726142
vn -0.8602494 -0.2209462 -0.4595147
vn -0.6827924 -0.1462678 -0.7158214
vn -0.3218593 0.8363501 -0.4437624
vn -0.5144193 0.8563875 -0.04442094
vn -0.7552805 0.6188142 0.2159176
vn -0.9240164 0.2949971 0.2432498
vn -0.9445482 -0.3245961 -0.04965952
vn -0.8907918 -0.3595357 -0.277892
vn -0.823311 -0.281282 -0.4929903
vn -0.7564245 -0.1022615 -0.6460377
vn -0.7058259 0.1424941 -0.6939058
vn -0.6864637 0.394026 -0.6111555
vn -0.7080634 0.577051 -0.4070114
vn -0.7683229 0.625079 -0.1376808
vn -0.8488806 0.5176158 0.1071244
vn -0.9221228 0.296669 0.2483485
vn -0.9660725 0.03940732 0.2552471
vn -0.9154227 -0.257371 0.3094534
vn -0.912087 -0.4084382 0.03571465
vn -0.8150477 -0.5268365 -0.2411235
vn -0.8006738 -0.3356109 -0.496273
vn -0.7035542 -0.1476434 -0.6951352
vn -0.7357936 0.1417471 -0.6622051
vn -0.6972287 0.3934965 -0.5991934
vn -0.7662218 0.5184186 -0.3796661
vn -0.781239 0.6089404 -0.1373224
vn -0.86042 0.5020169 0.08750124
vn -0.8876507 0.3350101 0.3159819
vn -0.9408735 0.05441903 0.3343587
vn -0.9604743 0.1443911 -0.2379924
vn 0.06705552 0.9975582 -0.01953044
vn 0.3173389 -0.9475095 0.03901216
vn -0.9627024 0.07185939 -0.2608457
vn -0.6416193 0.767023 -0.0007187358
vn -0.07977862 -0.06766683 -0.9945132
vn 0.07977862 0.06766683 0.9945132
vn -0.05226565 0.02360076 0.9983544
vn 0.6228223 -0.7823566 0.003268334
vn 0.05919606 -0.02126576 -0.9980198
vn -0.8474438 0.5294892 0.03847666
vn -0.6095162 0.7925022 0.02074603
vn -0.02123694 -0.003594505 -0.999768
vn 0.02606151 0.005435448 0.9996455
vn 0.6546844 -0.7555245 -0.02390026
vn -0.08268807 -0.0360398 0.9959236
vn 0.8763777 -0.4798819 -0.04093447
vn 0.09094657 0.03918641 -0.9950845
vn -0.994751 0.1015773 0.01235352
vn -0.8543907 0.5190681 0.02418596
vn 0.02601475 0.04952113 -0.9984342
vn -0.02161896 -0.04726543 0.9986483
vn 0.8680371 -0.4959388 -0.0235891
vn -0.0787941 -0.07653565 0.9939486
vn 0.9935334 -0.1128281 -0.01269935
vn 0.08234385 0.07834792 -0.9935195
vn -0.909745 -0.4129459 -0.04289421
vn -0.9959529 0.08982647 -0.003044226
vn -0.01749609 0.06810503 -0.9975248
vn 0.01786572 -0.06793624 0.9975297
vn 0.9920966 -0.125477 0.0001119778
vn 0.201663 0.1071432 -0.9735771
vn -0.2016625 -0.107144 0.9735771
vn -0.2542576 0.4005912 0.8802726
vn -0.0876103 0.8086135 0.5817805
vn 0.1023701 0.9871764 0.1224867
vn 0.26005 0.896875 -0.357756
vn 0.3482342 0.5786029 -0.7375306
vn 0.3478491 0.1098772 -0.9310897
vn 0.2542574 -0.4005917 -0.8802724
vn 0.08761107 -0.8086132 -0.5817809
vn -0.1023699 -0.9871765 -0.1224868
vn -0.2600487 -0.8968753 0.3577561
vn -0.3482336 -0.5786026 0.7375312
vn -0.3478482 -0.1098776 0.9310899
vn -0.965243 -0.2314624 0.1213714
vn 0.9863178 0.03269415 0.1615804
vn -0.936125 -0.3515549 -0.008890039
vn -0.8802351 -0.4357551 -0.1878923
vn -0.7900495 -0.4362794 -0.4306763
vn -0.6731834 -0.277487 -0.685438
vn -0.5692636 0.05350649 -0.820412
vn -0.5345837 0.4363111 -0.7237768
vn -0.5971723 0.6858716 -0.415891
vn -0.7305365 0.6814645 -0.04384634
vn -0.8651597 0.4540675 0.2128881
vn -0.9457171 0.162304 0.281561
vn -0.9586598 -0.07473787 0.2745645
vn -0.8725104 -0.3967762 0.2851214
vn -0.9512836 -0.284146 0.1196682
vn -0.9702372 -0.1575634 0.1838847
vn -0.9109144 -0.3916379 -0.1298261
vn -0.8461252 -0.4199982 -0.3281365
vn -0.7307915 -0.3120768 -0.6070847
vn -0.5666876 0.7321398 -0.3779373
vn -0.6967132 0.7158688 0.04607094
vn -0.8353282 0.4350154 0.3361375
vn -0.9197937 0.08192262 0.3837553
vn -0.8422343 -0.5318541 0.08816146
vn -0.8167328 -0.5582267 -0.1460495
vn -0.8018517 -0.4710108 -0.3676719
vn -0.8012102 -0.2845792 -0.5263808
vn -0.8154665 -0.03574196 -0.5776997
vn -0.8417587 0.2152108 -0.4951026
vn -0.8736716 0.392587 -0.2873557
vn -0.9022574 0.4310483 -0.0113477
vn -0.9186155 0.3130167 0.2411764
vn -0.9175894 0.08408349 0.3885354
vn -0.9002219 -0.1762399 0.3981709
vn -0.7757508 -0.4525697 0.4397628
vn -0.7791139 -0.6043839 0.166438
vn -0.7002319 -0.7031418 -0.1235596
vn -0.7681847 -0.5188216 -0.375122
vn -0.7473553 -0.3177229 -0.5835342
vn -0.8393811 -0.04264877 -0.5418676
vn -0.8502038 0.2124869 -0.4816668
vn -0.9121714 0.3228245 -0.2524433
vn -0.9109531 0.4124054 -0.009289084
vn -0.9291021 0.2948112 0.2232838
vn -0.8830311 0.1306103 0.4507738
vn -0.8675508 -0.1543048 0.4728062
vn -0.9926226 -0.08266003 -0.0886998
vn 0.00860581 0.2650775 0.9641887
vn -0.02738241 0.7058644 0.7078175
vn -0.05641168 0.9634046 0.2620483
vn -0.07050607 0.9630548 -0.259912
vn -0.06531857 0.6986597 -0.7124662
vn -0.04245669 0.2469073 -0.9681086
vn -0.008603555 -0.2650783 -0.9641885
vn 0.02738388 -0.7058637 -0.7078181
vn 0.0564156 -0.9634048 -0.2620468
vn 0.07050706 -0.9630547 0.2599123
vn 0.06532068 -0.69866 0.7124658
vn 0.04245792 -0.2469073 0.9681084
vn -0.9835215 -0.1314586 -0.1241128
vn 0.9835215 0.1314586 0.1241128
vn 0.9723449 -0.02373937 0.2323396
vn -0.9659966 0.02600759 -0.2572434
vn -0.005548088 -0.9967841 -0.07994188
vn 0.7306384 0.6374868 0.2444956
vn 0.9871712 -0.01419574 -0.1590337
vn -0.01303914 -0.9985624 -0.05199138
vn 0.1216114 0.865068 -0.4866908
vn -0.9993577 -0.02110701 0.02896051
vn 0.08136589 -0.4349711 -0.8967608
vn 0.6997919 0.06331252 -0.7115355
vn 0.987021 -0.01069405 0.1602348
vn 0.0174151 -0.4871687 -0.8731342
vn 0.004851155 0.9452325 -0.3263622
vn -0.9845814 0.01192893 -0.1745194
vn 0.01373423 0.6409566 -0.7674542
vn -0.8815348 -0.04313862 0.4701442
vn 0.01718978 -0.510793 -0.8595319
vn -0.05929315 0.08708442 -0.9944348
vn 0.7945605 0.06582358 -0.6036066
vn -0.02960995 -0.6398273 -0.7679481
vn 0.005352909 0.6645952 -0.7471843
vn -0.7157543 -0.07426639 0.694392
vn -0.1582512 0.7273272 0.6677962
vn -0.4628258 0.8853677 -0.04377631
vn 0.1215423 0.865246 -0.4863917
vn -0.04425754 0.9934446 0.1054001
vn 0.897655 0.2654225 0.3518044
vn 0.1387588 0.9032681 -0.4060206
vn -0.2905681 0.5173548 0.8049312
vn -0.4870258 0.870805 -0.06711674
vn -0.3756269 0.08557554 -0.9228116
vn 0.2417306 -0.2621869 -0.9342507
vn 0.5852811 -0.07550588 0.8073072
vn -0.07955776 -0.996263 -0.03362392
vn -0.01687343 -0.9967657 -0.07857054
vn 0.5888787 -0.07390669 0.8048352
vn -0.4398161 0.06992768 -0.8953614
vn -0.8130399 -0.002010533 0.5822045
vn 0.5230755 0.01279272 -0.8521904
vn 0.7970727 -0.151048 -0.5846876
vn -0.06807299 -0.04599928 0.9966193
vn -0.9966244 0.06540778 0.04961376
vn -0.0919932 -0.9955695 -0.01946031
vn 0.08464421 -0.02634851 0.9960629
vn 0.2199808 0.005613204 -0.975488
vn -0.07878841 -0.1644375 0.9832358
vn -0.9400668 0.3367829 0.05340091
vn 0.5170536 -0.05669303 -0.8540735
vn 0.148733 0.98564 0.07995152
vn 0.7921489 -0.1925585 -0.5791557
vn 0.5309977 -0.03399199 -0.8466913
vn -0.1202488 -0.3091943 0.9433659
vn -0.3669137 0.2431032 -0.8979283
vn 0.9679681 -0.07287596 0.2402641
vn 0.03446906 0.9976031 0.0599999
vn 0.5818197 -0.1605444 0.7973151
vn -0.9166848 0.3408774 -0.208546
vn 0.02233033 0.9966469 0.07871606
vn 0.2396524 -0.2062735 -0.9486928
vn 0.1521489 -0.9738574 -0.1686779
vn 0.9948712 -0.03962626 0.09306432
vn -0.9046573 0.005875061 -0.4260993
vn -0.07608246 0.08332051 -0.9936143
vn -0.7162666 -0.4403055 0.5413808
vn 0.9379542 0.2687831 0.2190833
vn 0.8281868 -0.1787282 -0.5311901
vn -0.8281868 0.1787282 0.5311901
vn -0.009480823 -0.9525594 -0.3042053
vn 0.7678203 0.5128016 -0.38404
vn -0.8834133 0.0338701 -0.4673689
vn -0.2021199 -0.9792555 0.01435922
vn -0.1144551 0.8738779 -0.4724802
vn 0.8730217 -0.08573002 0.4800871
vn 0.1304351 -0.4785257 -0.8683316
vn -0.8260994 0.06226732 -0.5600738
vn -0.9727134 0.04264404 -0.2280576
vn 0.2018233 -0.5804505 -0.7888882
vn -0.05228572 0.9711909 -0.232496
vn -0.7825684 0.1601335 0.6016178
vn 0.2358124 0.6748969 -0.6992186
vn -0.2530511 0.03564086 0.9667962
vn -0.6938107 -0.4315204 -0.5765561
vn 0.3560927 0.06670452 -0.9320667
vn -0.5564044 0.05623588 -0.8290066
vn -0.67849 -0.5605299 -0.4748237
vn 0.2470418 0.8290077 -0.5017138
vn 0.9993866 0.001082394 0.03500394
vn 0.4937837 0.6810262 0.5407227
vn -0.2029545 0.9402362 0.2734326
vn -0.1312895 0.8595469 -0.493905
vn 0.2019468 0.9772959 0.06411193
vn 0.8881238 0.2141207 -0.4066799
vn -0.1018457 0.8726544 -0.4776
vn 0.472557 0.4797259 0.7392921
vn -0.2383721 0.9311708 0.2758619
vn -0.9092427 0.2157153 -0.3560121
vn -0.5595526 -0.2100032 -0.8017479
vn 0.9667093 -0.2240574 0.1235782
vn -0.2328037 -0.9695923 0.07545345
vn -0.2237489 -0.9746463 -0.0009811228
vn 0.9675609 -0.22275 0.119199
vn -0.9345552 0.2065582 -0.2897245
vn -0.1193351 0.05720016 0.991205
vn -0.2691288 0.01619296 -0.9629681
vn 0.08302155 -0.2058887 -0.9750473
vn 0.6728898 -0.1230889 0.7294303
vn -0.619116 0.1950021 0.7607033
vn -0.2306879 -0.9684611 0.094161
vn 0.7775118 -0.1242975 0.6164622
vn -0.5623733 0.06084433 -0.8246419
vn 0.6375411 -0.237368 0.7329378
vn -0.5363194 0.454863 0.7109579
vn -0.2853455 -0.05140893 -0.9570451
vn 0.3110605 0.945714 -0.09416208
vn 0.07729414 -0.2466749 -0.9660109
vn -0.2671247 -0.03153296 -0.963146
vn 0.5582833 -0.3711559 0.7419994
vn -0.9029931 0.2406323 -0.3559489
vn 0.8098411 -0.2237721 -0.5422946
vn 0.2683616 0.9632976 -0.006311797
vn 0.9438761 -0.3066487 0.1227379
vn -0.7107588 0.4785812 0.5155404
vn 0.2274797 0.9737784 -0.002909941
vn -0.5627427 -0.1532781 -0.812297
vn 0.9884477 -0.04578431 -0.1444815
vn 0.01648453 -0.9467528 -0.3215392
vn -0.9845539 0.006328723 -0.1749676
vn -0.4089561 -0.6231219 -0.6666889
vn 0.08009104 0.732448 0.6760958
vn -0.2154699 -0.1200559 -0.9691023
vn -0.1017672 0.2596145 0.9603353
vn 0.06031857 0.4288672 -0.9013516
vn -0.360982 -0.2563202 0.8966561
vn 0.3130674 0.8139778 -0.4893151
vn -0.5985413 -0.6182872 0.5093816
vn 0.4462351 0.8881764 0.109623
vn -0.7237062 -0.6880265 -0.05356253
vn -0.8911909 0.4298662 0.1448937
vn 0.8911909 -0.4298662 -0.1448937
vn 0 0 0
vn 0 0 0
vn 0 0 0
vn 0 0 0
vn 0 0 0
vn 0 0 0
vn 0 0 0
vn 0 0 0
vn 0 0 0
vn 0 0 0
vn 0 0 0
vn 0 0 0
vn 0 0 0
vn 0 0 0
vn 0 0 0
vn 0 0 0
vn 0 0 0
vn 0 0 0
vn 0 0 0
vn 0 0 0
vn 0 0 0
vn 0 0 0
vn 0 0 0
vn 0 0 0
vn 0 0 0
vn 0 0 0
vn 0 0 0
vn 0 0 0
vn 0 0 0
vn 0 0 0
vn 0 0 0
vn 0 0 0
vn 0 0 0
vn 0 0 0
vn 0 0 0
vn 0 0 0
vn 0 0 0
vn 0 0 0
vn 0 0 0
vn 0 0 0
vn 0 0 0
vn 0 0 0
vn 0 0 0
vn 0 0 0
vn 0 0 0
vn 0 0 0
vn 0 0 0
vn 0 0 0
vn 0 0 0
vn 0 0 0
vn 0 0 0
vn 0 0 0
vn 0 0 0
vn 0 0 0
vn 0 0 0
vn 0 0 0
vn 0 0 0
vn 0 0 0
vn 0 0 0
vn 0 0 0
vn 0 0 0
vn 0 0 0
vn 0 0 0
vn 0 0 0
vn 0 0 0
vn 0 0 0
vn 0 0 0
vn 0 0 0
vn 0 0 0
vn 0 0 0
vn 0 0 0
vn 0 0 0
vn 0 0 0
vn 0 0 0
vn 0 0 0
vn 0 0 0
vn 0 0 0
vn 0 0 0
vn 0 0 0
vn 0 0 0
vn 0 0 0
vn 0 0 0
vn 0 0 0
vn 0 0 0
vn 0 0 0
vn 0 0 0
vn 0 0 0
vn 0 0 0
vn 0 0 0
vn 0 0 0
vn 0 0 0
vn 0 0 0
vn 0 0 0
vn 0 0 0
vn 0 0 0
vn 0 0 0
vn 0 0 0
vn 0 0 0
vn 0 0 0
vn 0 0 0
vn 0 0 0
vn 0 0 0
vn 0 0 0
vn 0 0 0
vn 0 0 0
vn 0 0 0
vn 0 0 0
vn 0 0 0
vn 0 0 0
vn 0 0 0
vn 0 0 0
vn 0 0 0
vn 0 0 0
vn 0 0 0
vn 0 0 0
vn 0 0 0
vn 0 0 0
vn 0 0 0
vn 0 0 0
vn 0 0 0
vn 0 0 0
vn 0 0 0
vn 0 0 0
vn 0 0 0
vn 0 0 0
vn 0 0 0
vn 0 0 0
vn 0 0 0
vn 0 0 0
vn 0 0 0
vn 0 0 0
vn 0 0 0
vn 0 0 0
vn 0 0 0
vn 0 0 0
vn 0 0 0
vn 0 0 0
vn 0 0 0
vn 0 0 0
vn 0 0 0
vn 0 0 0
vn 0 0 0
vn 0 0 0
vn 0 0 0
vn 0 0 0
vn 0 0 0
vn 0 0 0
vn 0 0 0
vn 0 0 0
vn 0 0 0
vn 0 0 0
vn 0 0 0
vn 0 0 0
vn 0 0 0
vn 0 0 0
vn 0 0 0
vn 0 0 0
vn 0 0 0
vn 0 0 0
vn 0 0 0
vn 0 0 0
vn 0.948683 -0.3155277 0.02104773
vn 0 0 0
vn 0.9486659 -0.3155725 0.02115198
vn 0 0 0
vn 0.948666 -0.315572 0.0211546
vn 0 0 0
vn 0.9486605 -0.3155895 0.02113763
vn 0 0 0
vn 0.9486303 -0.315681 0.02112636
vn 0.948683 -0.3155277 0.02104773
vn -0.9486742 0.3155449 -0.02118719
vn 0 0 0
vn 0.3767875 0.7237588 -0.5781043
vn 0 0 0
vn 0.3768654 0.7237827 -0.5780235
vn 0 0 0
vn 0.3768659 0.7237842 -0.5780213
vn 0 0 0
vn 0.3768756 0.7237669 -0.5780366
vn 0 0 0
vn 0.3769541 0.7237124 -0.5780537
vn 0.3767875 0.7237588 -0.5781043
vn -0.3768533 -0.7238137 0.5779926
vn 0.3041558 -0.8239805 -0.4780645
vn -0.4286684 0.5810738 0.691807
vn -0.2570287 -0.6760582 -0.6905662
vn 0.09879108 0.4420413 0.891538
vn -0.720037 -0.2699047 -0.639295
vn 0.5339741 0.06029595 0.8433483
vn -0.9080157 0.2393433 -0.3438349
vn 0.710656 -0.4183479 0.565644
vn -0.7491632 0.6571702 0.08295842
vn 0.5613498 -0.811065 0.1644996
vn -0.418203 -0.5663905 0.7101466
vn 0.418203 0.5663905 -0.7101466
vn 0 0 0
vn 0 0 0
vn 0 0 0
vn 0 0 0
vn 0 0 0
vn 0 0 0
vn 0 0 0
vn 0 0 0
vn 0 0 0
vn 0 0 0
vn 0 0 0
vn 0 0 0
vn 0 0 0
vn 0 0 0
vn 0 0 0
vn 0 0 0
vn 0 0 0
vn 0 0 0
vn 0 0 0
vn 0 0 0
vn 0 0 0
vn 0 0 0
vn 0 0 0
vn 0 0 0
vn 0 0 0
vn 0 0 0
vn 0 0 0
vn 0 0 0
vn 0 0 0
vn 0 0 0
vn 0 0 0
vn 0 0 0
vn 0 0 0
vn 0 0 0
vn 0 0 0
vn 0 0 0
vn 0 0 0
vn 0 0 0
vn 0 0 0
vn 0 0 0
vn 0 0 0
vn 0 0 0
vn 0 0 0
vn 0 0 0
vn 0 0 0
vn 0 0 0
vn 0 0 0
vn 0 0 0
vn 0 0 0
vn 0 0 0
vn 0 0 0
vn 0 0 0
vn 0 0 0
vn 0 0 0
vn 0 0 0
vn 0 0 0
vn 0 0 0
vn 0 0 0
vn 0 0 0
vn 0 0 0
vn 0 0 0
vn 0 0 0
vn 0 0 0
vn 0 0 0
vn 0 0 0
vn 0 0 0
vn 0 0 0
vn 0 0 0
vn 0 0 0
vn 0 0 0
vn 0 0 0
vn 0 0 0
vn 0 0 0
vn 0 0 0
vn 0 0 0
vn 0 0 0
vn 0 0 0
vn 0 0 0
vn 0 0 0
vn 0 0 0
vn 0 0 0
vn 0 0 0
vn 0 0 0
vn 0 0 0
vn 0 0 0
vn 0 0 0
vn 0 0 0
vn 0 0 0
vn 0 0 0
vn 0 0 0
vn 0 0 0
vn 0 0 0
vn 0 0 0
vn 0 0 0
vn 0 0 0
vn 0 0 0
vn 0 0 0
vn 0 0 0
vn 0 0 0
vn 0 0 0
vn 0 0 0
vn 0 0 0
vn 0 0 0
vn 0 0 0
vn 0 0 0
vn 0 0 0
vn 0 0 0
vn 0 0 0
vn 0 0 0
vn 0 0 0
vn 0 0 0
vn 0 0 0
vn 0 0 0
vn 0 0 0
vn 0 0 0
vn 0 0 0
vn 0 0 0
vn 0 0 0
vn 0 0 0
vn 0 0 0
vn 0 0 0
vn 0 0 0
vn 0 0 0
vn 0 0 0
vn 0 0 0
vn 0 0 0
vn 0 0 0
vn 0 0 0
vn 0 0 0
vn 0 0 0
vn 0 0 0
vn 0 0 0
vn 0 0 0
vn 0 0 0
vn 0 0 0
vn 0 0 0
vn 0 0 0
vn 0 0 0
vn 0 0 0
vn 0 0 0
vn 0 0 0
vn 0 0 0
vn 0 0 0
vn 0 0 0
vn 0 0 0
vn 0 0 0
vn 0 0 0
vn 0 0 0
vn 0 0 0
vn 0 0 0
vn 0 0 0
vn 0 0 0
vn 0 0 0
vn 0 0 0
vn 0 0 0
vn 0 0 0
vn 0 0 0
vn 0 0 0
vn 0 0 0
vn 0 0 0
vn 0.5937251 -0.8044248 0.01977632
vn -0.9058099 0.02474989 -0.4229608
vn 0.009167168 -0.9969137 -0.07796756
vn 0.8185839 0.57139 0.0585978
vn 0.9509424 0.03280338 -0.3076239
vn 0.4481904 -0.02259959 0.8936524
vn -0.2490017 -0.05123588 0.9671468
vn 0.5796307 0.8022504 0.1429072
vn 0.3251086 0.07670622 -0.9425607
vn 0.9957866 -0.0911902 0.009667215
vn 0.7627144 -0.04345259 0.6452741
vn 0.9939662 0.1067642 0.02514901
vn 0.9775909 0.02533391 -0.2089841
vn 0.9998164 0.00782563 0.01749455
vn 0.0152726 0.2261368 -0.9739758
vn -0.9399956 0.01800288 -0.3407111
vn 0.01801065 -0.07166202 -0.9972664
vn 0.01683041 0.07811362 -0.9968024
vn 0.04600599 0.9109477 0.4099485
vn -0.9493942 -0.3106694 -0.04620818
vn -0.006106981 0.9953414 -0.09621959
vn -0.009167168 0.9969137 0.07796756
vn -0.9700408 0.2428519 -0.006618735
vn -0.9117897 -0.03125578 0.4094663
vn -0.9802125 -0.1953673 -0.0318601
vn -0.9998164 -0.00782563 -0.01749455
vn -0.7596743 -0.02810269 0.6496962
vn -0.1766988 0.926976 0.3308973
vn -0.1871118 0.9811564 0.04817833
vn -0.9930577 0.02966106 -0.1138276
vn 0.8870606 -0.02331525 0.461064
vn 0.3780669 -0.9255334 0.02128852
vn 0.7737839 -0.6308594 0.05722532
vn 0.1703186 -0.9848021 -0.03400886
vn 0.982241 0.1783908 0.05813286
vn 0.9585988 -0.2778329 0.06242672
vn 0.1415176 0.9890277 0.04239043
vn -0.8232439 0.04888139 -0.5655794
vn -0.07943538 0.2470674 -0.9657369
vn -0.999991 0.002313926 -0.003552369
vn 0.145863 0.989296 -0.004192718
vn 0.7091487 -0.06538491 0.7020206
vn 0.4748619 -0.08238806 0.8761954
vn 0.04540882 0.9963543 0.07222273
vn -0.9995301 -0.01152237 -0.02840319
vn -0.5666646 -0.8194474 -0.08600669
vn 0.9893119 0.01831128 -0.1446607
vn 0.0239529 -0.9994546 -0.02273463
vn -0.9561278 0.2518019 -0.1497182
vn 0.9285573 -0.1430403 0.3425213
vn -0.2894017 -0.0572433 0.9554946
vn -0.3088117 -0.06101334 0.9491643
vn -0.608093 0.7921351 -0.05239433
vn 0.8425765 -0.02467668 -0.5380111
vn 0.7481036 -0.2574293 0.6116136
vn -0.2725525 -0.06070717 0.9602238
vn 0.7693354 -0.06149726 0.6358781
vn 0.8873163 -0.1501518 0.4360325
vn 0.7624868 -0.1602551 0.626843
vn 0.64692 0.1732336 -0.7426201
vn -0.5135229 0.1600478 -0.8430178
vn 0.6149788 -0.1215228 -0.7791234
vn 0.6381072 0.02614873 -0.7695034
vn 0.0002453644 0.9995235 0.03086502
vn 0.8434526 0.4810766 0.2390672
vn 0.2160521 0.9762925 -0.01321069
vn 0.1069257 0.9867292 0.122198
vn 0.9642155 0.1342452 0.2286198
vn 0.2926107 0.05715849 -0.9545218
vn -0.7689827 -0.0283747 -0.6386396
vn 0.9707276 -0.01380632 0.2397856
vn 0.07554971 -0.9968666 -0.02343689
vn -0.2887359 0.9571545 0.0220642
vn 0.0660226 0.9883489 -0.1371405
vn -0.4528644 0.03544385 0.8908747
vn 0.8005 0.5981757 -0.03722374
vn -0.197062 -0.9803392 -0.01008011
vn -0.8818931 -0.4573773 -0.1143266
vn -0.9279076 0.3590836 -0.1002323
vn -0.7854729 0.1718524 0.5945579
vn -0.3377931 0.9411139 0.01415431
vn 0.08702043 -0.07307929 0.9935225
vn -0.5962958 -0.09169483 0.7975107
vn 0.9618003 0.0357111 -0.2714131
vn 0.7406011 0.3141275 -0.5939983
vn 0.9685217 0.033157 -0.2467112
vn 0.7359555 0.6169543 -0.2788131
vn 0.974567 -0.005658285 0.2240248
vn -0.06373856 0.9892171 -0.13186
vn 0.2010467 -0.9415951 -0.2701463
vn -0.05107553 -0.227855 0.9723546
vn -0.324625 -0.1288484 0.9370255
vn 0.1733323 -0.940349 -0.2927449
vn -0.08456553 0.9862874 -0.1417247
vn 0.04355507 0.9771553 -0.2080154
vn -0.2425803 -0.8883342 -0.3898938
vn 0.1967397 -0.2727813 0.9417451
vn -0.2024824 -0.9089441 -0.3644469
vn -0.08378782 0.9677358 -0.2376278
vn 0.1074984 -0.9628164 -0.2478481
vn 0.9098337 -0.3143143 0.2709413
vn 0.05730049 -0.09971499 0.9933648
vn -0.2722267 -0.8174483 -0.5076129
vn 0.31815 0.9480361 0.002835143
vn 0.2280876 0.9675194 -0.1090059
vn -0.02762359 -0.2213121 0.9748117
vn -0.09015576 -0.02634575 0.9955791
vn 0.3957484 0.1297796 0.9091427
vn 0.7756121 0.2511306 0.5791022
vn 0.9476511 0.3051913 0.09389173
vn 0.8657678 0.2774763 -0.416477
vn 0.5519028 0.1754118 -0.8152509
vn 0.09015568 0.02634572 -0.9955792
vn -0.3957486 -0.1297797 -0.9091427
vn -0.7756121 -0.2511306 -0.5791022
vn -0.9476511 -0.3051913 -0.09389176
vn -0.8657678 -0.2774763 0.4164768
vn -0.5519025 -0.1754117 0.8152511
vn -0.3063158 0.9519265 -0.002548182
vn -0.07749035 0.6565553 0.7502869
vn 0.2846928 0.7460382 0.6019775
vn 0.5433086 0.7911844 0.28079
vn 0.6242415 0.7682415 -0.1418714
vn 0.4776759 0.6842011 -0.5510849
vn 0.1195101 0.593045 -0.7962505
vn -0.3104359 0.5288369 -0.789912
vn -0.658456 0.4763039 -0.5827265
vn -0.8613462 0.4384804 -0.2565495
vn -0.8928497 0.4341637 0.1196716
vn -0.7465634 0.4747706 0.4660858
vn -0.451923 0.5557573 0.6977817
vn 0.3435334 -0.6280069 0.698278
vn 0.2855345 0.7056591 0.6484714
vn 0.5803472 0.7417851 0.3360834
vn 0.6896998 0.715459 -0.1115015
vn 0.5370704 0.63606 -0.5540605
vn -0.6668831 0.5575252 -0.4944013
vn -0.8272218 0.535983 -0.1686007
vn -0.8388938 0.5182269 0.1664278
vn -0.7062852 0.5266017 0.4731298
vn 0.6856259 -0.4696545 0.5561851
vn 0.9271101 -0.2774796 0.2519362
vn 0.9803825 -0.07396427 -0.1827002
vn 0.7694534 0.06576104 -0.6353084
vn 0.3489175 0.05005733 -0.9358156
vn -0.1284852 -0.1297405 -0.9831882
vn -0.5138334 -0.3942122 -0.7619527
vn -0.6910942 -0.631709 -0.3511873
vn -0.630338 -0.76994 0.09932899
vn -0.3845018 -0.7996567 0.4612023
vn -0.03460634 -0.7437059 0.6676107
vn -0.06908343 0.57273 0.8168279
vn 0.7081053 -0.4165929 0.5701205
vn 0.4187204 0.533643 0.7347779
vn 0.8829085 0.314312 0.3488275
vn 0.9810147 -0.003510678 -0.1939016
vn 0.7698488 -0.2506835 -0.5869331
vn 0.4382638 -0.4150762 -0.7972682
vn 0.04053534 -0.5160005 -0.8556286
vn -0.4241306 -0.5262573 -0.7369983
vn -0.8700861 -0.3452447 -0.3517901
vn -0.9804271 0.02826221 0.1948433
vn -0.7568944 0.3353011 0.5609672
vn -0.44472 0.5119284 0.7349513
vn -0.1378537 0.8741381 0.4657028
vn 0.02847971 0.6077967 0.7935818
vn -0.407968 0.5162005 0.7530599
vn 0.5284047 0.5399802 0.6551412
vn 0.915438 0.2966362 0.271993
vn 0.3925722 -0.418145 -0.8191714
vn -0.07828639 -0.5013881 -0.8616736
vn -0.5677558 -0.4664277 -0.6783057
vn -0.9222535 -0.272526 -0.2741861
vn 0.1762387 0.9070872 0.3822732
vn 0.4296052 0.8946394 0.1227176
vn 0.5041366 0.8264229 -0.2507417
vn 0.351692 0.7164881 -0.6024595
vn 0.02277354 0.6005738 -0.7992449
vn -0.3604471 0.521384 -0.7734576
vn -0.6605752 0.5083926 -0.5524286
vn -0.79212 0.5609064 -0.2406865
vn -0.7588553 0.649431 0.04876474
vn -0.619202 0.7396458 0.263653
vn -0.412016 0.8152981 0.406856
vn 0.3495157 -0.5993724 0.7201329
vn -0.1251044 0.8997161 0.4181625
vn 0.1607462 0.9386644 0.3050734
vn 0.3802307 0.9233171 0.05394436
vn 0.4443883 0.8487664 -0.2865563
vn 0.3101018 0.7310857 -0.6077421
vn -0.6491755 0.4724063 -0.5961571
vn -0.8112972 0.5080233 -0.2893256
vn -0.7999757 0.5994144 0.02722452
vn -0.6462525 0.7140369 0.2692751
vn 0.6796686 -0.3472098 0.6461393
vn 0.9411718 0.1876986 0.2810071
vn 0.6220019 0.7253891 -0.2948292
vn 0.1665386 0.8354422 -0.5237378
vn -0.1226403 0.8099238 -0.5735702
vn -0.3485331 0.731305 -0.5862744
vn -0.6336432 0.51959 -0.5731689
vn -0.9459864 -0.1548829 -0.2848172
vn -0.5932739 -0.7492429 0.2943826
vn -0.2168672 -0.803045 0.5550563
vn 0.08012556 -0.7538482 0.6521447
vn 0.2638536 -0.9567231 0.1227282
vn 0.03822302 -0.7405741 0.6708868
vn 0.6709489 0.6881683 -0.2761379
vn 0.2407229 0.811655 -0.53223
vn -0.07686697 0.7974159 -0.5985142
vn -0.5832087 -0.7655811 0.2715752
vn -0.2168414 -0.8283163 0.5165964
vn 0.2617206 -0.2852305 0.9220335
vn 0.7063511 -0.260659 0.6581224
vn 0.9617155 -0.1662441 0.2178677
vn 0.9593889 -0.0272842 -0.2807643
vn 0.6999948 0.1189865 -0.7041659
vn 0.2530378 0.2333748 -0.9388866
vn -0.2617207 0.2852305 -0.9220335
vn -0.7063513 0.2606589 -0.6581222
vn -0.9617155 0.1662441 -0.2178677
vn -0.9593889 0.02728421 0.2807643
vn -0.6999949 -0.1189864 0.7041657
vn -0.2530375 -0.2333748 0.9388867
vn 0.1052395 0.9580705 0.2665061
vn 0.4502403 0.4041933 0.7961856
vn 0.7418874 0.4222459 0.5208756
vn 0.8674673 0.4802646 0.1297935
vn 0.7795827 0.5577337 -0.2849281
vn 0.478689 0.6424411 -0.5984365
vn 0.05196059 0.7353878 -0.6756514
vn -0.3374956 0.8012874 -0.4939992
vn -0.5821626 0.7957315 -0.1670271
vn -0.6556146 0.7265817 0.2055446
vn -0.5523461 0.6231806 0.5536785
vn -0.2904629 0.5171258 0.8051163
vn 0.0734115 0.437457 0.8962378
vn 0.2953449 -0.8748893 0.3838492
vn 0.7433063 0.3717698 0.5561321
vn 0.8993748 0.4083986 0.1559985
vn 0.8257029 0.4816427 -0.293658
vn 0.5097433 0.5819957 -0.633595
vn -0.5270487 0.8466911 -0.07303325
vn -0.5580361 0.7799919 0.2832105
vn -0.4574662 0.6704255 0.5841699
vn -0.233613 0.5504926 0.8014879
vn 0.5986153 -0.7899803 0.1326309
vn 0.7722764 -0.5978537 -0.2148492
vn 0.7440238 -0.3024538 -0.595777
vn 0.4593941 0.01758683 -0.8880584
vn -0.01081625 0.2135907 -0.9768634
vn -0.5042149 0.2036197 -0.8392296
vn -0.8576382 0.01184529 -0.514117
vn -0.9566725 -0.2712159 -0.1059224
vn -0.8003466 -0.5451977 0.2494088
vn -0.4752482 -0.7490278 0.4616238
vn -0.08274885 -0.8604255 0.5028127
vn 0.448365 0.3061147 0.8397992
vn 0.6431665 -0.7522576 0.1429872
vn 0.8207855 0.1509834 0.5509223
vn 0.996986 -0.0736336 -0.0244341
vn 0.7678394 -0.2352052 -0.5959036
vn 0.3545074 -0.2848529 -0.8906084
vn -0.06561035 -0.2765088 -0.9587691
vn -0.4644186 -0.2348284 -0.853915
vn -0.8233287 -0.1420234 -0.5495082
vn -0.9990248 0.04253899 0.01182486
vn -0.757452 0.2573142 0.6000466
vn -0.3198813 0.3656563 0.8740547
vn 0.07565971 0.3846641 0.9199506
vn 0.3830242 0.7024153 0.5999211
vn 0.5370128 0.3161392 0.7820956
vn 0.1150156 0.3725331 0.920864
vn 0.8889267 0.1475659 0.4336283
vn 0.9909994 -0.07708784 -0.1094421
vn -0.1134596 -0.25956 -0.9590388
vn -0.5622895 -0.1848791 -0.8060089
vn -0.9022254 -0.06229689 -0.4267417
vn -0.9882752 0.101692 0.1138896
vn 0.6345393 0.6643258 0.3950077
vn 0.7549981 0.6535962 0.05281886
vn 0.6614106 0.6774735 -0.3218163
vn 0.3656477 0.7236974 -0.5852895
vn -0.02873041 0.7715165 -0.6355603
vn -0.3772841 0.8044254 -0.4588645
vn -0.5609665 0.8168377 -0.1345094
vn -0.5437171 0.8132266 0.2074471
vn -0.3797371 0.8004798 0.4637151
vn -0.1504447 0.7795829 0.6079614
vn 0.1057368 0.7463029 0.6571542
vn 0.5171828 -0.5089623 0.6880984
vn 0.3871219 0.7357165 0.55575
vn 0.6064616 0.7199565 0.3374419
vn 0.6998407 0.7140979 0.01694104
vn 0.6065032 0.7257252 -0.3247717
vn 0.3339424 0.7507366 -0.5699798
vn -0.5804538 0.7933362 -0.183551
vn -0.5975407 0.7847255 0.1647756
vn -0.4416843 0.7732027 0.4550522
vn -0.1814451 0.7625657 0.620944
vn 0.8437116 -0.4187424 0.3358654
vn 0.9676532 -0.2154889 -0.1311939
vn 0.809096 0.08606578 -0.5813401
vn 0.403764 0.3936094 -0.8258609
vn -0.06250519 0.5892022 -0.8055643
vn -0.4668996 0.635662 -0.6147671
vn -0.7933959 0.5277994 -0.3032336
vn -0.9575675 0.2545621 0.1351393
vn -0.8091468 -0.0951655 0.5798492
vn -0.4059813 -0.3604637 0.8397887
vn 0.0718117 -0.5133731 0.8551556
vn -0.1012178 -0.9847025 -0.1418312
vn 0.06241826 -0.4902629 0.8693367
vn 0.8098519 0.08220868 -0.5808456
vn 0.4159529 0.3634712 -0.8335897
vn -0.05190538 0.5567135 -0.8290814
vn -0.8103457 -0.09874021 0.5775727
vn -0.4156258 -0.3784541 0.8270597
vn -0.3126148 0.6904942 0.6522957
vn 0.00574209 0.9433123 0.3318568
vn 0.3225604 0.9433706 -0.07750294
vn 0.5529489 0.6906535 -0.4660958
vn 0.6351752 0.2528763 -0.7297986
vn 0.5472068 -0.2526587 -0.7979525
vn 0.3126147 -0.6904943 -0.6522956
vn -0.00574224 -0.9433124 -0.3318566
vn -0.3225604 -0.9433706 0.07750299
vn -0.5529489 -0.6906535 0.4660957
vn -0.6351752 -0.2528765 0.7297986
vn -0.5472067 0.2526591 0.7979525
vn -0.7324685 0.03580173 0.6798589
vn 0.7723468 -0.2149777 0.5977165
vn -0.7296026 -0.4481844 0.5165372
vn -0.5604975 -0.8056744 0.1916544
vn -0.2726056 -0.9386786 -0.2111128
vn 0.0522082 -0.8085735 -0.5860744
vn 0.3245514 -0.4505664 -0.8316587
vn 0.4767765 0.03544563 -0.8783096
vn 0.4754239 0.5177462 -0.7112743
vn 0.3187825 0.869777 -0.3766506
vn 0.04152588 0.9986158 0.03228071
vn -0.2843266 0.8696215 0.4036298
vn -0.5687944 0.5174442 0.6393155
vn -0.7598046 0.04063699 0.6488802
vn -0.7047645 -0.4668235 0.5342124
vn -0.4322333 -0.8507835 0.2989013
vn -0.03236283 -0.9994575 0.006113747
vn 0.3445966 -0.8863664 -0.3092054
vn 0.5246542 -0.504968 -0.6853796
vn 0.4211254 0.06650585 -0.9045609
vn 0.3932567 0.5198783 -0.7583374
vn 0.3339183 0.8607001 -0.3843096
vn 0.08031316 0.9957692 0.04464832
vn -0.276653 0.8760474 0.3949733
vn -0.6136038 0.5352581 0.5805076
vn -0.9580871 0.286392 0.006981021
vn -0.7665675 0.1141329 0.6319398
vn -0.5643945 0.5750763 0.5922381
vn -0.7602543 -0.3619387 0.5394568
vn -0.5657547 -0.7547174 0.3321495
vn -0.2119641 -0.9764441 0.0403512
vn 0.2150105 -0.9252239 -0.3126197
vn 0.2492038 0.3674525 -0.8960335
vn 0.274607 0.6715966 -0.688149
vn 0.142075 0.9646619 -0.2219057
vn -0.2253751 0.9338591 0.2776925
vn -0.9752551 -0.180944 -0.1270308
vn -0.7549593 -0.6080534 -0.2455758
vn -0.3364928 -0.8683577 -0.3643179
vn 0.1716677 -0.8791373 -0.4445761
vn 0.6846746 -0.6848081 -0.2495166
vn 0.9587725 -0.2741229 -0.07491205
vn 0.9768999 0.2072481 0.05210418
vn 0.7441849 0.6496902 0.1552145
vn 0.294882 0.9317142 0.2120216
vn -0.2464003 0.9478648 0.2020875
vn -0.7046018 0.7007625 0.1116614
vn -0.1860221 0.1791822 -0.9660691
vn -0.9443613 0.3287909 0.008845659
vn -0.6558935 0.7415465 0.1411123
vn 0.1242068 -0.8797602 -0.4589058
vn 0.2738221 -0.8593425 -0.4319165
vn 0.9027905 -0.4026243 -0.1512046
vn 0.3431728 0.9182 0.1978411
vn -0.1830658 0.9639451 0.1931241
vn 0.05952222 -0.8837969 -0.4640693
vn -0.1860221 0.1791822 -0.9660691
vn -0.3411702 0.2269974 -0.9121814
vn -0.1582995 0.2227383 -0.9619402
vn -0.1860221 0.1791822 -0.9660691
vn -0.2017954 0.2063901 -0.957435
vn -0.09904885 0.3035858 -0.9476418
vn -0.1860221 0.1791822 -0.9660691
vn -0.1860221 0.1791822 -0.9660691
vn -0.1860221 0.1791822 -0.9660691
vn -0.6622197 -0.6838048 -0.3063922
vn 0.5264816 -0.1473455 0.837321
vn -0.8952632 0.1425364 0.4221222
vn 0.06632958 -0.2674146 0.9612959
vn 0.9620534 0.2500612 -0.1091912
vn 0.1100036 -0.8415028 -0.528935
vn -0.2658639 0.897365 0.352211
vn -0.2294242 0.9521047 0.2021413
vn -0.9773632 -0.1724027 -0.1226319
vn 0.2449137 -0.9552106 -0.1661022
vn 0.7542953 0.4731475 -0.4551594
vn -0.2616083 0.9629785 -0.06506429
vn -0.9299455 0.03248101 -0.3662599
vn 0.1967402 -0.8775322 -0.437299
vn 0.6292074 0.2838125 -0.7235666
vn 0.5085395 0.3123925 -0.8023705
vn 0.195877 -0.8816049 -0.429424
vn -0.2744098 0.9613456 -0.02267048
vn -0.9247046 0.05629227 -0.3765007
vn -0.2736498 0.9616966 -0.01598408
vn -0.9552844 -0.00826691 -0.2955732
vn 0.1821018 -0.8189495 -0.5442064
vn -0.2259265 0.3139118 -0.9221804
vn 0.6920812 0.4099364 -0.5941175
vn 0.1774215 -0.8286416 -0.5309187
vn -0.2885074 0.9572262 0.02194422
vn -0.9610719 -0.1436192 -0.2360387
vn -0.1979598 0.8243645 0.5303161
vn 0.0877499 0.6368189 -0.7660037
vn -0.550388 -0.7436055 -0.3796364
vn 0.9111198 -0.4029138 0.08672568
vn 0.9064931 -0.00458638 0.4221956
vn 0.9587921 -0.2689734 -0.09149314
vn 0.2669075 0.9349796 0.23361
vn -0.9673004 -0.2091534 -0.1434744
vn 0.1288108 0.3045687 -0.9437402
vn 0.9376147 -0.2610317 -0.2296543
vn -0.8245752 -0.1943823 -0.531311
vn 0.03077865 0.9170604 0.3975588
vn 0.9481629 -0.2861884 -0.1381429
vn 0.9497147 -0.2816611 -0.1367812
vn 0.2730302 0.8388012 0.4710277
vn 0.06186398 -0.8683897 -0.4920084
vn 0.06224865 -0.8731273 -0.4835014
vn 0.9609373 0.2739675 0.03925958
vn 0.9587463 -0.133854 -0.2507761
vn 0.4208734 0.5180305 0.7446543
vn -0.7288032 -0.6404698 0.2421656
vn 0.9336865 0.1437085 0.3279898
vn 0.9440374 -0.03771085 0.3276755
vn 0.9454368 0.300335 -0.1262853
vn -0.9861561 -0.1621171 -0.03484434
vn -0.9783292 0.08274535 -0.189803
vn -0.2462627 -0.6136088 0.750226
vn 0.09841022 0.8151956 0.5707641
vn -0.2731496 0.9134999 0.3015085
vn -0.3177446 0.09170909 0.9437308
vn 0.8638987 -0.4986535 0.07087988
vn -0.1437212 -0.8254977 0.5458003
vn -0.5679284 0.7902301 -0.230204
vn -0.4215966 -0.62304 -0.6588455
vn 0.5016692 0.6198549 0.6034137
vn 0.2784403 0.4424866 0.8524532
vn 0.3723357 -0.854108 0.3631337
vn -0.2545327 -0.4181067 -0.8720091
vn -0.7706119 0.6200278 0.1473877
vn 0.0609243 0.3149296 0.9471576
vn 0.134459 -0.807187 0.5747784
vn -0.4684213 -0.5220357 -0.7127835
vn -0.9416808 0.3141617 0.120582
vn -0.9517793 0.2099643 0.2236769
vn -0.4610861 -0.5216599 -0.7178235
vn 0.1041828 0.3222389 0.9409081
vn 0.1227134 -0.7944736 0.5947717
vn 0.1096414 0.3257418 0.9390799
vn 0.2089386 -0.818877 0.5345889
vn -0.5551576 -0.5444214 -0.6288127
vn -0.6974834 -0.3709574 0.6131132
vn -0.8607864 0.4827304 0.1613018
vn -0.541176 -0.5476803 -0.6381025
vn 0.1500383 0.3281529 0.9326329
vn 0.2651307 -0.8732009 0.4089328
vn 0.2073591 0.6113967 0.7636729
vn -0.7178748 0.09900406 0.6890966
vn 0.2940207 -0.7774417 -0.5560002
vn -0.9773019 -0.1828332 0.1070198
vn -0.8346274 0.4462305 0.3229176
vn -0.545437 0.5087584 -0.6660807
vn 0.01031837 0.9147165 0.4039646
vn 0.8659091 -0.3665471 -0.3403601
vn -0.1839307 0.5767878 -0.795918
vn -0.6557139 0.4407958 -0.6129753
vn 0.6722882 -0.2188187 -0.7072108
vn 0.4474705 0.6848741 0.5750806
vn 0 0 0
vn -0.5803806 0.4764952 -0.660387
vn -0.01006967 0.658721 0.7523199
vn -0.3322762 -0.7145019 -0.6156945
vn -0.4430682 -0.6361432 -0.6316742
vn -0.8229491 0.4964279 0.2762506
vn -0.9991562 0.02319945 -0.03389787
vn -0.8039035 0.2649672 0.532477
vn -0.8778224 0.08964553 0.4705227
vn -0.5752525 0.7988765 -0.1757304
vn 0.8054668 -0.5767714 -0.1362283
vn 0.311521 -0.7417247 0.5939692
vn -0.3071515 0.07082981 0.9490212
vn 0.1506095 0.6158198 0.773358
vn 0.386903 0.4304843 0.8154688
vn 0.9375443 0.1694972 0.3037786
vn 0.7454157 0.6375812 0.1945396
vn 0.3535535 0.934826 0.03317391
vn -0.1330431 0.9815847 -0.1370807
vn -0.5839909 0.7653286 -0.2706047
vn -0.8784587 0.3440035 -0.3316203
vn -0.9375443 -0.1694973 -0.3037786
vn -0.7454156 -0.6375815 -0.1945396
vn -0.3535534 -0.9348259 -0.03317389
vn 0.133043 -0.9815847 0.1370807
vn 0.5839907 -0.7653287 0.2706046
vn 0.8784588 -0.3440032 0.3316203
vn 0.6926877 -0.5514453 0.4648569
vn 0.3214192 -0.08810356 -0.9428295
vn 0.31556 -0.8788937 0.3577259
vn -0.1595871 -0.9687153 0.1900601
vn -0.6070367 -0.7946054 0.01042713
vn -0.9068149 -0.4018881 -0.1271723
vn -0.9775323 0.1024925 -0.1841896
vn -0.7995535 0.5809039 -0.1525283
vn -0.42021 0.9061346 -0.04841293
vn 0.05923857 0.9928766 0.1033768
vn 0.5087389 0.8173985 0.2702671
vn 0.8060532 0.4265908 0.4102423
vn 0.8724728 -0.07420254 0.4829962
vn 0.6714586 -0.546659 0.5003074
vn 0.3188543 -0.8906524 0.3241455
vn -0.1038732 -0.994194 0.02808725
vn -0.4769959 -0.8295621 -0.2903476
vn -0.7395924 -0.4525349 -0.4982122
vn -0.9010549 0.08414932 -0.4254633
vn -0.8005821 0.5932047 -0.08471567
vn -0.4501855 0.8920243 0.04031879
vn 0.0464012 0.9949328 0.08919525
vn 0.5134681 0.8264973 0.2307657
vn 0.8007763 0.4385163 0.407996
vn 0.8355339 -0.05510074 0.546669
vn 0.2587862 -0.1737481 0.9501797
vn 0.6933416 -0.4829223 0.5348492
vn 0.8592289 -0.006626743 0.5115484
vn 0.3809792 -0.8307831 0.4057764
vn -0.01255548 -0.9856012 0.1686196
vn -0.4148972 -0.9002565 -0.1319036
vn -0.7461037 -0.5374478 -0.3930384
vn -0.6264672 0.7622363 0.1628949
vn -0.3015819 0.9374232 0.1740293
vn 0.2602731 0.9337435 0.2457252
vn 0.721295 0.5540622 0.4156303
vn -0.08249777 -0.5078061 0.8575122
vn -0.4189447 -0.7151579 0.5594949
vn -0.6978961 -0.7030912 0.1363959
vn -0.8327883 -0.4654851 -0.2996455
vn -0.6301543 -0.1689145 -0.7578743
vn -0.3117067 0.2111691 -0.926416
vn 0.03023412 0.5598505 -0.8280419
vn -0.4794519 0.6617188 0.5764148
vn 0.04672794 0.7374291 0.6738061
vn 0.5563287 0.6103462 0.5638936
vn 0.8941595 0.3353647 0.2966639
vn 0.463085 0.5934283 -0.6583276
vn 0.2793973 -0.1341956 0.9507517
vn 0.5942209 0.5143029 0.6183802
vn -0.8398765 -0.4802816 -0.2528579
vn -0.8242972 -0.411351 -0.3890045
vn -0.4336243 0.1134582 -0.8939224
vn -0.1305343 0.7673934 0.6277485
vn 0.6283202 0.5569454 0.5431625
vn -0.8386505 -0.5087832 -0.1944352
vn 0.3241057 0.5839276 -0.7443011
vn 0.4003821 0.5678307 -0.7192097
vn 0.1869478 0.6579403 -0.7294966
vn 0.2119787 0.6400681 -0.7384971
vn 0.2139474 0.6374873 -0.7401598
vn 0.1481022 0.7589634 -0.6340666
vn 0.198853 0.4976922 -0.8442512
vn 0.2165871 0.8140647 -0.5388772
vn 0.1135528 0.4607017 -0.8802612
vn -0.519418 -0.7133987 0.4703906
vn -0.283429 0.7459319 0.6027053
vn -0.7362168 0.5265642 0.4251059
vn 0.2197367 -0.5760542 -0.787323
vn 0.08551439 -0.2871922 0.9540482
vn -0.3757084 -0.6636605 -0.646837
vn 0.4230813 -0.2375265 0.8744047
vn -0.8276456 -0.497771 -0.2592813
vn 0.6792912 -0.3315722 0.6546934
vn -0.9634503 -0.1417499 0.2273112
vn 0.7562813 -0.5334057 0.3788366
vn -0.7312498 0.2684148 0.6270784
vn 0.624643 -0.7659345 0.1522028
vn 0.2550285 -0.745064 0.6163117
vn -0.2550285 0.745064 -0.6163117
vn 0 0 0
vn 0 0 0
vn 0 0 0
vn 0 0 0
vn 0 0 0
vn 0 0 0
vn 0 0 0
vn 0 0 0
vn 0 0 0
vn 0 0 0
vn 0 0 0
vn 0 0 0
vn 0 0 0
vn 0 0 0
vn 0 0 0
vn 0 0 0
vn 0 0 0
vn 0 0 0
vn 0 0 0
vn 0 0 0
vn 0 0 0
vn 0 0 0
vn 0 0 0
vn 0 0 0
vn 0 0 0
vn 0 0 0
vn 0 0 0
vn 0 0 0
vn 0 0 0
vn 0 0 0
vn 0 0 0
vn 0 0 0
vn 0 0 0
vn 0 0 0
vn 0 0 0
vn 0 0 0
vn 0 0 0
vn 0 0 0
vn 0 0 0
vn 0 0 0
vn 0 0 0
vn 0 0 0
vn 0 0 0
vn 0 0 0
vn 0 0 0
vn 0 0 0
vn 0 0 0
vn 0 0 0
vn 0 0 0
vn 0 0 0
vn 0 0 0
vn 0 0 0
vn 0 0 0
vn 0 0 0
vn 0 0 0
vn 0 0 0
vn 0 0 0
vn 0 0 0
vn 0 0 0
vn 0 0 0
vn 0 0 0
vn 0 0 0
vn 0 0 0
vn 0 0 0
vn 0 0 0
vn 0 0 0
vn 0 0 0
vn 0 0 0
vn 0 0 0
vn 0 0 0
vn 0 0 0
vn 0 0 0
vn 0 0 0
vn 0 0 0
vn 0 0 0
vn 0 0 0
vn 0 0 0
vn 0 0 0
vn 0 0 0
vn 0 0 0
vn 0 0 0
vn 0 0 0
vn 0 0 0
vn 0 0 0
vn 0 0 0
vn 0 0 0
vn 0 0 0
vn 0 0 0
vn 0 0 0
vn 0 0 0
vn 0 0 0
vn 0 0 0
vn 0 0 0
vn 0 0 0
vn 0 0 0
vn 0 0 0
vn 0 0 0
vn 0 0 0
vn 0 0 0
vn 0 0 0
vn 0 0 0
vn 0 0 0
vn 0 0 0
vn 0 0 0
vn 0 0 0
vn 0 0 0
vn 0 0 0
vn 0 0 0
vn 0 0 0
vn 0 0 0
vn 0 0 0
vn 0 0 0
vn 0 0 0
vn 0 0 0
vn 0 0 0
vn 0 0 0
vn 0 0 0
vn 0 0 0
vn 0 0 0
vn 0 0 0
vn 0 0 0
vn 0 0 0
vn 0 0 0
vn 0 0 0
vn 0 0 0
vn 0 0 0
vn 0 0 0
vn 0 0 0
vn 0 0 0
vn 0 0 0
vn 0 0 0
vn 0 0 0
vn 0 0 0
vn 0 0 0
vn 0 0 0
vn 0 0 0
vn 0 0 0
vn 0 0 0
vn 0 0 0
vn 0 0 0
vn 0 0 0
vn 0 0 0
vn 0 0 0
vn 0 0 0
vn 0 0 0
vn 0 0 0
vn 0 0 0
vn 0 0 0
vn 0 0 0
vn 0 0 0
vn 0 0 0
vn 0 0 0
vn 0 0 0
vn 0 0 0
vn 0 0 0
vn 0 0 0
vn 0 0 0
vn 0 0 0
vn 0 0 0
vn 0 0 0
vn 0 0 0
vn -0.124783 0.953755 -0.2734603
vn 0 0 0
vn -0.124734 0.9537689 -0.2734343
vn 0 0 0
vn -0.1247347 0.9537684 -0.2734359
vn 0 0 0
vn -0.1247341 0.9537677 -0.2734387
vn 0 0 0
vn -0.1246797 0.9537608 -0.2734876
vn -0.124783 0.953755 -0.2734603
vn 0.124734 -0.9537709 0.2734274
vn 0 0 0
vn 0 0 0
vn 0 0 0
vn 0 0 0
vn 0 0 0
vn 0 0 0
vn 0 0 0
vn 0 0 0
vn 0 0 0
vn 0 0 0
vn 0 0 0
vn 0 0 0
vn 0 0 0
vn 0 0 0
vn 0 0 0
vn 0 0 0
vn 0 0 0
vn 0 0 0
vn 0 0 0
vn 0 0 0
vn 0 0 0
vn 0 0 0
vn 0 0 0
vn 0 0 0
vn 0 0 0
vn 0 0 0
vn 0 0 0
vn 0 0 0
vn 0 0 0
vn 0 0 0
vn 0 0 0
vn 0 0 0
vn 0 0 0
vn 0 0 0
vn 0 0 0
vn 0 0 0
vn 0 0 0
vn 0 0 0
vn 0 0 0
vn 0 0 0
vn 0 0 0
vn 0 0 0
vn 0 0 0
vn 0 0 0
vn 0 0 0
vn 0 0 0
vn 0 0 0
vn 0 0 0
vn 0 0 0
vn 0 0 0
vn 0 0 0
vn 0 0 0
vn 0 0 0
vn 0 0 0
vn 0 0 0
vn 0 0 0
vn 0 0 0
vn 0 0 0
vn 0 0 0
vn 0 0 0
vn 0 0 0
vn 0 0 0
vn 0 0 0
vn 0 0 0
vn 0 0 0
vn 0 0 0
vn 0 0 0
vn 0 0 0
vn 0 0 0
vn 0 0 0
vn 0 0 0
vn 0 0 0
vn 0 0 0
vn 0 0 0
vn 0 0 0
vn 0 0 0
vn 0 0 0
vn 0 0 0
vn 0 0 0
vn 0 0 0
vn 0 0 0
vn 0 0 0
vn 0 0 0
vn 0 0 0
vn 0 0 0
vn 0 0 0
vn 0 0 0
vn 0 0 0
vn 0 0 0
vn 0 0 0
vn 0 0 0
vn 0 0 0
vn 0 0 0
vn 0 0 0
vn 0 0 0
vn 0 0 0
vn 0 0 0
vn 0 0 0
vn 0 0 0
vn 0 0 0
vn 0 0 0
vn 0 0 0
vn 0 0 0
vn 0 0 0
vn 0 0 0
vn 0 0 0
vn 0 0 0
vn 0 0 0
vn 0 0 0
vn 0 0 0
vn 0 0 0
vn 0 0 0
vn 0 0 0
vn 0 0 0
vn 0 0 0
vn 0 0 0
vn 0 0 0
vn 0 0 0
vn 0 0 0
vn 0 0 0
vn 0 0 0
vn 0 0 0
vn 0 0 0
vn 0 0 0
vn 0 0 0
vn 0 0 0
vn 0 0 0
vn 0 0 0
vn 0 0 0
vn 0 0 0
vn 0 0 0
vn 0 0 0
vn 0 0 0
vn 0 0 0
vn 0 0 0
vn 0 0 0
vn 0 0 0
vn 0 0 0
vn 0 0 0
vn 0 0 0
vn 0 0 0
vn -0.4755942 0.8718447 -0.1170332
vn 0 0 0
vn -0.4755645 0.8718668 -0.1169897
vn 0 0 0
vn -0.4755644 0.8718666 -0.1169914
vn 0 0 0
vn -0.4755629 0.8718672 -0.116994
vn 0 0 0
vn -0.4755016 0.871897 -0.1170212
vn -0.4755942 0.8718447 -0.1170332
vn 0.4755669 -0.8718664 0.116983
vn 0 0 0
vn 0 0 0
vn 0 0 0
vn 0 0 0
vn 0 0 0
vn 0 0 0
vn 0 0 0
vn 0 0 0
vn 0 0 0
vn 0 0 0
vn 0 0 0
vn 0 0 0
vn 0 0 0
vn 0 0 0
vn 0 0 0
vn 0 0 0
vn 0 0 0
vn 0 0 0
vn 0 0 0
vn 0 0 0
vn 0 0 0
vn 0 0 0
vn 0 0 0
vn 0 0 0
vn 0 0 0
vn 0 0 0
vn 0 0 0
vn 0 0 0
vn 0 0 0
vn 0 0 0
vn 0 0 0
vn 0 0 0
vn 0 0 0
vn 0 0 0
vn 0 0 0
vn 0 0 0
vn 0 0 0
vn 0 0 0
vn 0 0 0
vn 0 0 0
vn 0 0 0
vn 0 0 0
vn 0 0 0
vn 0 0 0
vn 0 0 0
vn 0 0 0
vn 0 0 0
vn 0 0 0
vn 0 0 0
vn 0 0 0
vn 0 0 0
vn 0 0 0
vn 0 0 0
vn 0 0 0
vn 0 0 0
vn 0 0 0
vn 0 0 0
vn 0 0 0
vn 0 0 0
vn 0 0 0
vn 0 0 0
vn 0 0 0
vn 0 0 0
vn 0 0 0
vn 0 0 0
vn 0 0 0
vn 0 0 0
vn 0 0 0
vn 0 0 0
vn 0 0 0
vn 0 0 0
vn 0 0 0
vn 0 0 0
vn 0 0 0
vn 0 0 0
vn 0 0 0
vn 0 0 0
vn 0 0 0
vn 0 0 0
vn 0 0 0
vn 0 0 0
vn 0 0 0
vn 0 0 0
vn 0 0 0
vn 0 0 0
vn 0 0 0
vn 0 0 0
vn 0 0 0
vn 0 0 0
vn 0 0 0
vn 0 0 0
vn 0 0 0
vn 0 0 0
vn 0 0 0
vn 0 0 0
vn 0 0 0
vn 0 0 0
vn 0 0 0
vn 0 0 0
vn 0 0 0
vn 0 0 0
vn 0 0 0
vn 0 0 0
vn 0 0 0
vn 0 0 0
vn 0 0 0
vn 0 0 0
vn 0 0 0
vn 0 0 0
vn 0 0 0
vn 0 0 0
vn 0 0 0
vn 0 0 0
vn 0 0 0
vn 0 0 0
vn 0 0 0
vn 0 0 0
vn 0 0 0
vn 0 0 0
vn 0 0 0
vn 0 0 0
vn 0 0 0
vn 0 0 0
vn 0 0 0
vn 0 0 0
vn 0 0 0
vn 0 0 0
vn 0 0 0
vn 0 0 0
vn 0 0 0
vn 0 0 0
vn 0 0 0
vn 0 0 0
vn 0 0 0
vn 0 0 0
vn 0 0 0
vn 0 0 0
vn 0 0 0
vn 0 0 0
vn 0 0 0
vn 0.6347644 -0.1696048 -0.7538623
vn -0.01998909 -0.5221053 0.8526468
vn 0.1295098 -0.5126422 -0.8487786
vn 0.2664472 -0.3276318 0.9064565
vn -0.4252132 -0.6598678 -0.6194904
vn 0.5809281 -0.2441679 0.7764693
vn -0.8175192 -0.5550462 -0.1535777
vn 0.8033326 -0.3035924 0.5123363
vn -0.8975605 -0.2382159 0.3709963
vn 0.848709 -0.4832086 0.2149475
vn 0.4125737 -0.7505155 0.5162456
vn -0.4125737 0.7505155 -0.5162456
vn 0 0 0
vn 0 0 0
vn 0 0 0
vn 0 0 0
vn 0 0 0
vn 0 0 0
vn 0 0 0
vn 0 0 0
vn 0 0 0
vn 0 0 0
vn 0 0 0
vn 0 0 0
vn 0 0 0
vn 0 0 0
vn 0 0 0
vn 0 0 0
vn 0 0 0
vn 0 0 0
vn 0 0 0
vn 0 0 0
vn 0 0 0
vn 0 0 0
vn 0 0 0
vn 0 0 0
vn 0 0 0
vn 0 0 0
vn 0 0 0
vn 0 0 0
vn 0 0 0
vn 0 0 0
vn 0 0 0
vn 0 0 0
vn 0 0 0
vn 0 0 0
vn 0 0 0
vn 0 0 0
vn 0 0 0
vn 0 0 0
vn 0 0 0
vn 0 0 0
vn 0 0 0
vn 0 0 0
vn 0 0 0
vn 0 0 0
vn 0 0 0
vn 0 0 0
vn 0 0 0
vn 0 0 0
vn 0 0 0
vn 0 0 0
vn 0 0 0
vn 0 0 0
vn 0 0 0
vn 0 0 0
vn 0 0 0
vn 0 0 0
vn 0 0 0
vn 0 0 0
vn 0 0 0
vn 0 0 0
vn 0 0 0
vn 0 0 0
vn 0 0 0
vn 0 0 0
vn 0 0 0
vn 0 0 0
vn 0 0 0
vn 0 0 0
vn 0 0 0
vn 0 0 0
vn 0 0 0
vn 0 0 0
vn 0 0 0
vn 0 0 0
vn 0 0 0
vn 0 0 0
vn 0 0 0
vn 0 0 0
vn 0 0 0
vn 0 0 0
vn 0 0 0
vn 0 0 0
vn 0 0 0
vn 0 0 0
vn 0 0 0
vn 0 0 0
vn 0 0 0
vn 0 0 0
vn 0 0 0
vn 0 0 0
vn 0 0 0
vn 0 0 0
vn 0 0 0
vn 0 0 0
vn 0 0 0
vn 0 0 0
vn 0 0 0
vn 0 0 0
vn 0 0 0
vn 0 0 0
vn 0 0 0
vn 0 0 0
vn 0 0 0
vn 0 0 0
vn 0 0 0
vn 0 0 0
vn 0 0 0
vn 0 0 0
vn 0 0 0
vn 0 0 0
vn 0 0 0
vn 0 0 0
vn 0 0 0
vn 0 0 0
vn 0 0 0
vn 0 0 0
vn 0 0 0
vn 0 0 0
vn 0 0 0
vn 0 0 0
vn 0 0 0
vn 0 0 0
vn 0 0 0
vn 0 0 0
vn 0 0 0
vn 0 0 0
vn 0 0 0
vn 0 0 0
vn 0 0 0
vn 0 0 0
vn 0 0 0
vn 0 0 0
vn 0 0 0
vn 0 0 0
vn 0 0 0
vn 0 0 0
vn 0 0 0
vn 0 0 0
vn 0 0 0
vn 0 0 0
vn 0 0 0
vn 0 0 0
vn 0 0 0
vn 0 0 0
vn 0 0 0
vn 0 0 0
vn 0 0 0
vn 0 0 0
vn 0 0 0
vn 0 0 0
vn 0 0 0
vn 0 0 0
vn 0 0 0
vn 0 0 0
vn 0 0 0
vn 0 0 0
vn 0 0 0
vn 0 0 0
vn 0 0 0
vn 0 0 0
usemtl mat13
f 4//1 3//1 2//1 1//1
f 3//2 6//2 5//2 2//2
f 6//3 8//3 7//3 5//3
f 8//4 10//4 9//4 7//4
f 10//5 12//5 11//5 9//5
f 12//6 14//6 13//6 11//6
f 14//7 16//7 15//7 13//7
f 16//8 18//8 17//8 15//8
f 18//9 20//9 19//9 17//9
f 20//10 22//10 21//10 19//10
f 22//11 24//11 23//11 21//11
f 24//12 4//12 1//12 23//12
f 26//13 25//13 21//13 23//13
f 28//14 27//14 3//14 4//14
f 25//15 29//15 19//15 21//15
f 29//16 30//16 17//16 19//16
f 30//17 31//17 15//17 17//17
f 31//18 32//18 13//18 15//18
f 32//19 33//19 11//19 13//19
f 33//20 34//20 9//20 11//20
f 34//21 35//21 7//21 9//21
f 35//22 36//22 5//22 7//22
f 36//23 37//23 2//23 5//23
f 37//24 38//24 1//24 2//24
f 38//25 26//25 23//25 1//25
f 40//26 39//26 25//26 26//26
f 39//27 41//27 29//27 25//27
f 41//28 42//28 30//28 29//28
f 42//29 43//29 31//29 30//29
f 43//30 44//30 32//30 31//30
f 44//31 45//31 33//31 32//31
f 45//32 46//32 34//32 33//32
f 46//33 47//33 35//33 34//33
f 47//34 48//34 36//34 35//34
f 48//35 49//35 37//35 36//35
f 49//36 50//36 38//36 37//36
f 50//37 40//37 26//37 38//37
f 52//38 51//38 39//38 40//38
f 51//39 53//39 41//39 39//39
f 53//40 54//40 42//40 41//40
f 54//41 55//41 43//41 42//41
f 55//42 56//42 44//42 43//42
f 56//43 57//43 45//43 44//43
f 57//44 58//44 46//44 45//44
f 58//45 59//45 47//45 46//45
f 59//46 60//46 48//46 47//46
f 60//47 61//47 49//47 48//47
f 61//48 62//48 50//48 49//48
f 62//49 52//49 40//49 50//49
f 62//50 61//50 60//50 59//50 58//50 57//50 56//50 55//50 54//50 53//50 51//50 52//50
f 27//51 63//51 6//51 3//51
f 63//52 64//52 8//52 6//52
f 64//53 65//53 10//53 8//53
f 65//54 66//54 12//54 10//54
f 66//55 67//55 14//55 12//55
f 67//56 68//56 16//56 14//56
f 68//57 69//57 18//57 16//57
f 69//58 70//58 20//58 18//58
f 70//59 71//59 22//59 20//59
f 71//60 72//60 24//60 22//60
f 72//61 28//61 4//61 24//61
f 74//62 73//62 27//62 28//62
f 73//63 75//63 63//63 27//63
f 75//64 76//64 64//64 63//64
f 76//65 77//65 65//65 64//65
f 77//66 78//66 66//66 65//66
f 78//67 79//67 67//67 66//67
f 79//68 80//68 68//68 67//68
f 80//69 81//69 69//69 68//69
f 81//70 82//70 70//70 69//70
f 82//71 83//71 71//71 70//71
f 83//72 84//72 72//72 71//72
f 84//73 74//73 28//73 72//73
f 86//74 85//74 73//74 74//74
f 85//75 87//75 75//75 73//75
f 87//76 88//76 76//76 75//76
f 88//77 89//77 77//77 76//77
f 89//78 90//78 78//78 77//78
f 90//79 91//79 79//79 78//79
f 91//80 92//80 80//80 79//80
f 92//81 93//81 81//81 80//81
f 93//82 94//82 82//82 81//82
f 94//83 95//83 83//83 82//83
f 95//84 96//84 84//84 83//84
f 96//85 86//85 74//85 84//85
f 96//86 95//86 94//86 93//86 92//86 91//86 90//86 89//86 88//86 87//86 85//86 86//86
f 1007//1056 1006//1056 1005//1056 1004//1056
f 1006//1057 1009//1057 1008//1057 1005//1057
f 1009//1058 1011//1058 1010//1058 1008//1058
f 1011//1059 1013//1059 1012//1059 1010//1059
f 1013//1060 1015//1060 1014//1060 1012//1060
f 1015//1061 1017//1061 1016//1061 1014//1061
f 1017//1062 1019//1062 1018//1062 1016//1062
f 1019//1063 1021//1063 1020//1063 1018//1063
f 1021//1064 1023//1064 1022//1064 1020//1064
f 1023//1065 1025//1065 1024//1065 1022//1065
f 1025//1066 1027//1066 1026//1066 1024//1066
f 1027//1067 1007//1067 1004//1067 1026//1067
f 1004//1068 1005//1068 1008//1068 1010//1068 1012//1068 1014//1068 1016//1068 1018//1068 1020//1068 1022//1068 1024//1068 1026//1068
f 1029//1069 1028//1069 1006//1069 1007//1069
f 1030//1070 1009//1070 1006//1070
f 1031//1071 1011//1071 1009//1071
f 1032//1072 1013//1072 1011//1072
f 1033//1073 1015//1073 1013//1073
f 1033//1074 1034//1074 1017//1074 1015//1074
f 1034//1075 1035//1075 1019//1075 1017//1075
f 1036//1076 1021//1076 1019//1076
f 1037//1077 1023//1077 1021//1077
f 1038//1078 1025//1078 1023//1078
f 1039//1079 1027//1079 1025//1079
f 1039//1080 1029//1080 1007//1080 1027//1080
f 1041//1081 1040//1081 1028//1081 1029//1081
f 1006//1082 1028//1082 1030//1082
f 1009//1083 1030//1083 1031//1083
f 1011//1084 1031//1084 1032//1084
f 1013//1085 1032//1085 1033//1085
f 1019//1086 1035//1086 1036//1086
f 1021//1087 1036//1087 1037//1087
f 1023//1088 1037//1088 1038//1088
f 1025//1089 1038//1089 1039//1089
f 1042//1090 1030//1090 1028//1090
f 1042//1091 1043//1091 1031//1091 1030//1091
f 1043//1092 1044//1092 1032//1092 1031//1092
f 1044//1093 1045//1093 1033//1093 1032//1093
f 1045//1094 1046//1094 1034//1094 1033//1094
f 1046//1095 1047//1095 1035//1095 1034//1095
f 1047//1096 1048//1096 1036//1096 1035//1096
f 1048//1097 1049//1097 1037//1097 1036//1097
f 1049//1098 1050//1098 1038//1098 1037//1098
f 1050//1099 1051//1099 1039//1099 1038//1099
f 1051//1100 1041//1100 1029//1100 1039//1100
f 1052//1101 1040//1101 1041//1101
f 1028//1102 1040//1102 1042//1102
f 1053//1103 1042//1103 1040//1103
f 1054//1104 1043//1104 1042//1104
f 1054//1105 1055//1105 1044//1105 1043//1105
f 1055//1106 1056//1106 1045//1106 1044//1106
f 1057//1107 1046//1107 1045//1107
f 1058//1108 1047//1108 1046//1108
f 1059//1109 1048//1109 1047//1109
f 1060//1110 1049//1110 1048//1110
f 1060//1111 1061//1111 1050//1111 1049//1111
f 1061//1112 1062//1112 1051//1112 1050//1112
f 1062//1113 1041//1113 1051//1113
f 1064//1114 1052//1114 1063//1114
f 1041//1115 1063//1115 1052//1115
f 1062//1116 1063//1116 1041//1116
f 1040//1117 1052//1117 1053//1117
f 1042//1118 1053//1118 1054//1118
f 1045//1119 1056//1119 1057//1119
f 1046//1120 1057//1120 1058//1120
f 1047//1121 1058//1121 1059//1121
f 1048//1122 1059//1122 1060//1122
f 1065//1123 1053//1123 1052//1123
f 1066//1124 1054//1124 1053//1124
f 1067//1125 1055//1125 1054//1125
f 1068//1126 1056//1126 1055//1126
f 1068//1127 1069//1127 1057//1127 1056//1127
f 1069//1128 1070//1128 1058//1128 1057//1128
f 1071//1129 1059//1129 1058//1129
f 1072//1130 1060//1130 1059//1130
f 1073//1131 1061//1131 1060//1131
f 1074//1132 1062//1132 1061//1132
f 1074//1133 1075//1133 1063//1133 1062//1133
f 1077//1134 1076//1134 1064//1134 1075//1134
f 1063//1135 1075//1135 1064//1135
f 1052//1136 1064//1136 1065//1136
f 1053//1137 1065//1137 1066//1137
f 1054//1138 1066//1138 1067//1138
f 1055//1139 1067//1139 1068//1139
f 1058//1140 1070//1140 1071//1140
f 1059//1141 1071//1141 1072//1141
f 1060//1142 1072//1142 1073//1142
f 1061//1143 1073//1143 1074//1143
f 1076//1144 1078//1144 1065//1144 1064//1144
f 1078//1145 1079//1145 1066//1145 1065//1145
f 1080//1146 1067//1146 1066//1146
f 1081//1147 1068//1147 1067//1147
f 1082//1148 1069//1148 1068//1148
f 1082//1149 1083//1149 1070//1149 1069//1149
f 1083//1150 1084//1150 1071//1150 1070//1150
f 1084//1151 1085//1151 1072//1151 1071//1151
f 1086//1152 1073//1152 1072//1152
f 1087//1153 1074//1153 1073//1153
f 1087//1154 1075//1154 1074//1154
f 1087//1155 1086//1155 1085//1155 1084//1155 1083//1155 1082//1155 1081//1155 1080//1155 1079//1155 1078//1155 1076//1155 1077//1155
f 1087//1156 1077//1156 1075//1156
f 1066//1157 1079//1157 1080//1157
f 1067//1158 1080//1158 1081//1158
f 1068//1159 1081//1159 1082//1159
f 1072//1160 1085//1160 1086//1160
f 1073//1161 1086//1161 1087//1161
f 1091//1162 1090//1162 1089//1162 1088//1162
f 1090//1163 1093//1163 1092//1163 1089//1163
f 1093//1164 1095//1164 1094//1164 1092//1164
f 1095//1165 1097//1165 1096//1165 1094//1165
f 1097//1166 1099//1166 1098//1166 1096//1166
f 1099//1167 1101//1167 1100//1167 1098//1167
f 1101//1168 1103//1168 1102//1168 1100//1168
f 1103//1169 1105//1169 1104//1169 1102//1169
f 1105//1170 1107//1170 1106//1170 1104//1170
f 1107//1171 1109//1171 1108//1171 1106//1171
f 1109//1172 1111//1172 1110//1172 1108//1172
f 1111//1173 1091//1173 1088//1173 1110//1173
f 1088//1174 1089//1174 1092//1174 1094//1174 1096//1174 1098//1174 1100//1174 1102//1174 1104//1174 1106//1174 1108//1174 1110//1174
f 1113//1175 1112//1175 1090//1175 1091//1175
f 1114//1176 1093//1176 1090//1176
f 1115//1177 1095//1177 1093//1177
f 1116//1178 1097//1178 1095//1178
f 1117//1179 1099//1179 1097//1179
f 1117//1180 1118//1180 1101//1180 1099//1180
f 1118//1181 1119//1181 1103//1181 1101//1181
f 1120//1182 1105//1182 1103//1182
f 1121//1183 1107//1183 1105//1183
f 1122//1184 1109//1184 1107//1184
f 1123//1185 1111//1185 1109//1185
f 1123//1186 1113//1186 1091//1186 1111//1186
f 1125//1187 1124//1187 1112//1187 1113//1187
f 1090//1188 1112//1188 1114//1188
f 1093//1189 1114//1189 1115//1189
f 1095//1190 1115//1190 1116//1190
f 1097//1191 1116//1191 1117//1191
f 1103//1192 1119//1192 1120//1192
f 1105//1193 1120//1193 1121//1193
f 1107//1194 1121//1194 1122//1194
f 1109//1195 1122//1195 1123//1195
f 1126//1196 1114//1196 1112//1196
f 1126//1197 1127//1197 1115//1197 1114//1197
f 1127//1198 1128//1198 1116//1198 1115//1198
f 1128//1199 1129//1199 1117//1199 1116//1199
f 1129//1200 1130//1200 1118//1200 1117//1200
f 1130//1201 1131//1201 1119//1201 1118//1201
f 1131//1202 1132//1202 1120//1202 1119//1202
f 1132//1203 1133//1203 1121//1203 1120//1203
f 1133//1204 1134//1204 1122//1204 1121//1204
f 1134//1205 1135//1205 1123//1205 1122//1205
f 1135//1206 1125//1206 1113//1206 1123//1206
f 1136//1207 1124//1207 1125//1207
f 1112//1208 1124//1208 1126//1208
f 1137//1209 1126//1209 1124//1209
f 1138//1210 1127//1210 1126//1210
f 1138//1211 1139//1211 1128//1211 1127//1211
f 1139//1212 1140//1212 1129//1212 1128//1212
f 1141//1213 1130//1213 1129//1213
f 1142//1214 1131//1214 1130//1214
f 1143//1215 1132//1215 1131//1215
f 1144//1216 1133//1216 1132//1216
f 1144//1217 1145//1217 1134//1217 1133//1217
f 1145//1218 1146//1218 1135//1218 1134//1218
f 1146//1219 1125//1219 1135//1219
f 1148//1220 1136//1220 1147//1220
f 1125//1221 1147//1221 1136//1221
f 1146//1222 1147//1222 1125//1222
f 1124//1223 1136//1223 1137//1223
f 1126//1224 1137//1224 1138//1224
f 1129//1225 1140//1225 1141//1225
f 1130//1226 1141//1226 1142//1226
f 1131//1227 1142//1227 1143//1227
f 1132//1228 1143//1228 1144//1228
f 1149//1229 1137//1229 1136//1229
f 1150//1230 1138//1230 1137//1230
f 1151//1231 1139//1231 1138//1231
f 1152//1232 1140//1232 1139//1232
f 1152//1233 1153//1233 1141//1233 1140//1233
f 1153//1234 1154//1234 1142//1234 1141//1234
f 1155//1235 1143//1235 1142//1235
f 1156//1236 1144//1236 1143//1236
f 1157//1237 1145//1237 1144//1237
f 1158//1238 1146//1238 1145//1238
f 1158//1239 1159//1239 1147//1239 1146//1239
f 1161//1240 1160//1240 1148//1240 1159//1240
f 1147//1241 1159//1241 1148//1241
f 1136//1242 1148//1242 1149//1242
f 1137//1243 1149//1243 1150//1243
f 1138//1244 1150//1244 1151//1244
f 1139//1245 1151//1245 1152//1245
f 1142//1246 1154//1246 1155//1246
f 1143//1247 1155//1247 1156//1247
f 1144//1248 1156//1248 1157//1248
f 1145//1249 1157//1249 1158//1249
f 1160//1250 1162//1250 1149//1250 1148//1250
f 1162//1251 1163//1251 1150//1251 1149//1251
f 1164//1252 1151//1252 1150//1252
f 1165//1253 1152//1253 1151//1253
f 1166//1254 1153//1254 1152//1254
f 1166//1255 1167//1255 1154//1255 1153//1255
f 1167//1256 1168//1256 1155//1256 1154//1256
f 1168//1257 1169//1257 1156//1257 1155//1257
f 1170//1258 1157//1258 1156//1258
f 1171//1259 1158//1259 1157//1259
f 1171//1260 1159//1260 1158//1260
f 1171//1261 1170//1261 1169//1261 1168//1261 1167//1261 1166//1261 1165//1261 1164//1261 1163//1261 1162//1261 1160//1261 1161//1261
f 1171//1262 1161//1262 1159//1262
f 1150//1263 1163//1263 1164//1263
f 1151//1264 1164//1264 1165//1264
f 1152//1265 1165//1265 1166//1265
f 1156//1266 1169//1266 1170//1266
f 1157//1267 1170//1267 1171//1267
f 1175//1268 1174//1268 1173//1268 1172//1268
f 1174//1269 1177//1269 1176//1269 1173//1269
f 1177//1270 1179//1270 1178//1270 1176//1270
f 1179//1271 1181//1271 1180//1271 1178//1271
f 1181//1272 1183//1272 1182//1272 1180//1272
f 1183//1273 1185//1273 1184//1273 1182//1273
f 1185//1274 1187//1274 1186//1274 1184//1274
f 1187//1275 1189//1275 1188//1275 1186//1275
f 1189//1276 1191//1276 1190//1276 1188//1276
f 1191//1277 1193//1277 1192//1277 1190//1277
f 1193//1278 1195//1278 1194//1278 1192//1278
f 1195//1279 1175//1279 1172//1279 1194//1279
f 1197//1280 1196//1280 1192//1280 1194//1280
f 1195//1281 1193//1281 1191//1281 1189//1281 1187//1281 1185//1281 1183//1281 1181//1281 1179//1281 1177//1281 1174//1281 1175//1281
f 1196//1282 1198//1282 1190//1282 1192//1282
f 1198//1283 1199//1283 1188//1283 1190//1283
f 1199//1284 1200//1284 1186//1284 1188//1284
f 1200//1285 1201//1285 1184//1285 1186//1285
f 1201//1286 1202//1286 1182//1286 1184//1286
f 1202//1287 1203//1287 1180//1287 1182//1287
f 1203//1288 1204//1288 1178//1288 1180//1288
f 1204//1289 1205//1289 1176//1289 1178//1289
f 1205//1290 1206//1290 1173//1290 1176//1290
f 1206//1291 1207//1291 1172//1291 1173//1291
f 1207//1292 1197//1292 1194//1292 1172//1292
f 1208//1293 1196//1293 1197//1293
f 1209//1294 1198//1294 1196//1294
f 1210//1295 1199//1295 1198//1295
f 1211//1296 1200//1296 1199//1296
f 1212//1297 1201//1297 1200//1297
f 1212//1298 1213//1298 1202//1298 1201//1298
f 1213//1299 1214//1299 1203//1299 1202//1299
f 1215//1300 1204//1300 1203//1300
f 1216//1301 1205//1301 1204//1301
f 1217//1302 1206//1302 1205//1302
f 1218//1303 1207//1303 1206//1303
f 1218//1304 1197//1304 1207//1304
f 1220//1305 1208//1305 1219//1305
f 1197//1306 1219//1306 1208//1306
f 1218//1307 1219//1307 1197//1307
f 1196//1308 1208//1308 1209//1308
f 1198//1309 1209//1309 1210//1309
f 1199//1310 1210//1310 1211//1310
f 1200//1311 1211//1311 1212//1311
f 1203//1312 1214//1312 1215//1312
f 1204//1313 1215//1313 1216//1313
f 1205//1314 1216//1314 1217//1314
f 1206//1315 1217//1315 1218//1315
f 1220//1316 1221//1316 1209//1316 1208//1316
f 1221//1317 1210//1317 1209//1317
f 1222//1318 1211//1318 1210//1318
f 1223//1319 1212//1319 1211//1319
f 1224//1320 1213//1320 1212//1320
f 1225//1321 1214//1321 1213//1321
f 1225//1322 1226//1322 1215//1322 1214//1322
f 1226//1323 1227//1323 1216//1323 1215//1323
f 1228//1324 1217//1324 1216//1324
f 1229//1325 1218//1325 1217//1325
f 1229//1326 1219//1326 1218//1326
f 1220//1327 1230//1327 1229//1327
f 1219//1328 1230//1328 1220//1328
f 1229//1329 1230//1329 1219//1329
f 1211//1330 1231//1330 1223//1330
f 1212//1331 1223//1331 1224//1331
f 1213//1332 1224//1332 1225//1332
f 1216//1333 1227//1333 1228//1333
f 1217//1334 1228//1334 1229//1334
f 1222//1335 1231//1335 1211//1335
f 1221//1336 1220//1336 1229//1336
f 1222//1337 1221//1337 1229//1337
f 1231//1338 1222//1338 1229//1338
f 1223//1339 1231//1339 1229//1339
f 1224//1340 1223//1340 1229//1340
f 1225//1341 1224//1341 1229//1341
f 1226//1342 1225//1342 1229//1342
f 1227//1343 1226//1343 1229//1343
f 1228//1344 1227//1344 1229//1344
f 1221//1345 1222//1345 1210//1345
f 1234//1346 1233//1346 1232//1346
f 1237//1347 1236//1347 1235//1347
f 1237//1348 1235//1348 1232//1348
f 1240//1349 1239//1349 1238//1349
f 1235//1350 1241//1350 1232//1350
f 1238//1351 1236//1351 1237//1351
f 1239//1352 1242//1352 1238//1352
f 1242//1353 1243//1353 1236//1353
f 1243//1354 1240//1354 1241//1354
f 1244//1355 1239//1355 1240//1355
f 1245//1356 1242//1356 1239//1356
f 1246//1357 1243//1357 1242//1357
f 1246//1358 1240//1358 1243//1358
f 1248//1359 1244//1359 1247//1359
f 1240//1360 1247//1360 1244//1360
f 1246//1361 1247//1361 1240//1361
f 1239//1362 1244//1362 1245//1362
f 1242//1363 1245//1363 1246//1363
f 1249//1364 1245//1364 1244//1364
f 1250//1365 1246//1365 1245//1365
f 1250//1366 1247//1366 1246//1366
f 1250//1367 1249//1367 1248//1367 1251//1367
f 1247//1368 1251//1368 1248//1368
f 1250//1369 1251//1369 1247//1369
f 1244//1370 1248//1370 1249//1370
f 1245//1371 1249//1371 1250//1371
f 1234//1372 1238//1372 1233//1372
f 1253//1373 1252//1373 1238//1373
f 1253//1374 1232//1374 1252//1374
f 1255//1375 1254//1375 1234//1375
f 1232//1376 1256//1376 1234//1376
f 1257//1377 1254//1377 1255//1377 1253//1377
f 1258//1378 1238//1378 1254//1378
f 1258//1379 1253//1379 1238//1379
f 1258//1380 1257//1380 1259//1380
f 1253//1381 1259//1381 1257//1381
f 1258//1382 1259//1382 1253//1382
f 1254//1383 1257//1383 1258//1383
f 1253//1384 1260//1384 1256//1384 1232//1384
f 1261//1385 1260//1385 1253//1385
f 1234//1386 1254//1386 1238//1386
f 1241//1387 1252//1387 1232//1387
f 1240//1388 1252//1388 1241//1388
f 1234//1389 1256//1389 1260//1389
f 1262//1390 1253//1390 1255//1390
f 1261//1391 1262//1391 1255//1391
f 1253//1392 1262//1392 1261//1392
f 1234//1393 1261//1393 1255//1393
f 1260//1394 1261//1394 1234//1394
f 1238//1395 1252//1395 1240//1395
f 1236//1396 1241//1396 1235//1396
f 1243//1397 1241//1397 1236//1397
f 1232//1398 1233//1398 1237//1398
f 1237//1399 1233//1399 1238//1399
f 1242//1400 1236//1400 1238//1400
f 1265//1401 1264//1401 1263//1401
f 1268//1402 1267//1402 1266//1402
f 1265//1403 1268//1403 1266//1403
f 1271//1404 1270//1404 1269//1404
f 1265//1405 1272//1405 1268//1405
f 1266//1406 1267//1406 1271//1406
f 1271//1407 1273//1407 1270//1407
f 1267//1408 1274//1408 1273//1408
f 1272//1409 1269//1409 1274//1409
f 1269//1410 1270//1410 1275//1410
f 1270//1411 1273//1411 1276//1411
f 1273//1412 1274//1412 1277//1412
f 1274//1413 1269//1413 1277//1413
f 1279//1414 1275//1414 1278//1414
f 1275//1415 1279//1415 1269//1415
f 1269//1416 1279//1416 1277//1416
f 1276//1417 1275//1417 1270//1417
f 1277//1418 1276//1418 1273//1418
f 1275//1419 1276//1419 1280//1419
f 1276//1420 1277//1420 1281//1420
f 1277//1421 1279//1421 1281//1421
f 1282//1422 1278//1422 1280//1422 1281//1422
f 1278//1423 1282//1423 1279//1423
f 1279//1424 1282//1424 1281//1424
f 1280//1425 1278//1425 1275//1425
f 1281//1426 1280//1426 1276//1426
f 1264//1427 1271//1427 1263//1427
f 1271//1428 1284//1428 1283//1428
f 1284//1429 1265//1429 1283//1429
f 1263//1430 1286//1430 1285//1430
f 1263//1431 1287//1431 1265//1431
f 1283//1432 1285//1432 1286//1432 1288//1432
f 1286//1433 1271//1433 1289//1433
f 1271//1434 1283//1434 1289//1434
f 1290//1435 1288//1435 1289//1435
f 1288//1436 1290//1436 1283//1436
f 1283//1437 1290//1437 1289//1437
f 1289//1438 1288//1438 1286//1438
f 1265//1439 1287//1439 1291//1439 1283//1439
f 1283//1440 1291//1440 1292//1440
f 1271//1441 1286//1441 1263//1441
f 1265//1442 1284//1442 1272//1442
f 1272//1443 1284//1443 1269//1443
f 1291//1444 1287//1444 1263//1444
f 1285//1445 1283//1445 1292//1445
f 1285//1446 1292//1446 1263//1446
f 1263//1447 1292//1447 1291//1447
f 1269//1448 1284//1448 1271//1448
f 1268//1449 1272//1449 1267//1449
f 1267//1450 1272//1450 1274//1450
f 1266//1451 1264//1451 1265//1451
f 1271//1452 1264//1452 1266//1452
f 1271//1453 1267//1453 1273//1453
f 1296//1454 1295//1454 1294//1454 1293//1454
f 1295//1455 1298//1455 1297//1455 1294//1455
f 1298//1456 1300//1456 1299//1456 1297//1456
f 1300//1457 1302//1457 1301//1457 1299//1457
f 1302//1458 1304//1458 1303//1458 1301//1458
f 1304//1459 1306//1459 1305//1459 1303//1459
f 1306//1460 1308//1460 1307//1460 1305//1460
f 1308//1461 1310//1461 1309//1461 1307//1461
f 1310//1462 1312//1462 1311//1462 1309//1462
f 1312//1463 1314//1463 1313//1463 1311//1463
f 1314//1464 1316//1464 1315//1464 1313//1464
f 1316//1465 1296//1465 1293//1465 1315//1465
f 1316//1466 1314//1466 1318//1466 1317//1466
f 1293//1467 1294//1467 1297//1467 1299//1467 1301//1467 1303//1467 1305//1467 1307//1467 1309//1467 1311//1467 1313//1467 1315//1467
f 1314//1468 1312//1468 1319//1468 1318//1468
f 1312//1469 1310//1469 1320//1469 1319//1469
f 1310//1470 1308//1470 1321//1470 1320//1470
f 1308//1471 1306//1471 1322//1471 1321//1471
f 1306//1472 1304//1472 1323//1472 1322//1472
f 1304//1473 1302//1473 1324//1473 1323//1473
f 1302//1474 1300//1474 1325//1474 1324//1474
f 1300//1475 1298//1475 1326//1475 1325//1475
f 1298//1476 1295//1476 1327//1476 1326//1476
f 1295//1477 1296//1477 1328//1477 1327//1477
f 1296//1478 1316//1478 1317//1478 1328//1478
f 1317//1479 1318//1479 1329//1479
f 1318//1480 1319//1480 1330//1480
f 1319//1481 1320//1481 1331//1481
f 1320//1482 1321//1482 1332//1482
f 1321//1483 1322//1483 1333//1483
f 1322//1484 1323//1484 1334//1484 1333//1484
f 1323//1485 1324//1485 1335//1485 1334//1485
f 1324//1486 1325//1486 1336//1486
f 1325//1487 1326//1487 1337//1487
f 1326//1488 1327//1488 1338//1488
f 1327//1489 1328//1489 1339//1489
f 1328//1490 1317//1490 1339//1490
f 1341//1491 1329//1491 1340//1491
f 1329//1492 1341//1492 1317//1492
f 1317//1493 1341//1493 1339//1493
f 1330//1494 1329//1494 1318//1494
f 1331//1495 1330//1495 1319//1495
f 1332//1496 1331//1496 1320//1496
f 1333//1497 1332//1497 1321//1497
f 1336//1498 1335//1498 1324//1498
f 1337//1499 1336//1499 1325//1499
f 1338//1500 1337//1500 1326//1500
f 1339//1501 1338//1501 1327//1501
f 1329//1502 1330//1502 1342//1502 1340//1502
f 1330//1503 1331//1503 1342//1503
f 1331//1504 1332//1504 1343//1504
f 1332//1505 1333//1505 1344//1505
f 1333//1506 1334//1506 1345//1506
f 1334//1507 1335//1507 1346//1507
f 1335//1508 1336//1508 1346//1508
f 1336//1509 1337//1509 1347//1509
f 1337//1510 1338//1510 1348//1510
f 1338//1511 1339//1511 1349//1511
f 1339//1512 1341//1512 1349//1512
f 1349//1513 1350//1513 1340//1513
f 1340//1514 1350//1514 1341//1514
f 1341//1515 1350//1515 1349//1515
f 1344//1516 1351//1516 1332//1516
f 1345//1517 1344//1517 1333//1517
f 1346//1518 1345//1518 1334//1518
f 1348//1519 1352//1519 1337//1519
f 1349//1520 1348//1520 1338//1520
f 1332//1521 1351//1521 1343//1521
f 1349//1522 1340//1522 1342//1522
f 1349//1523 1342//1523 1343//1523
f 1349//1524 1343//1524 1351//1524
f 1349//1525 1351//1525 1344//1525
f 1349//1526 1344//1526 1345//1526
f 1349//1527 1345//1527 1346//1527
f 1349//1528 1346//1528 1347//1528
f 1349//1529 1347//1529 1352//1529
f 1349//1530 1352//1530 1348//1530
f 1331//1531 1343//1531 1342//1531
f 1337//1532 1352//1532 1347//1532
f 1336//1533 1347//1533 1346//1533
usemtl mat23
f 100//87 99//87 98//87 97//87
f 99//88 102//88 101//88 98//88
f 102//89 104//89 103//89 101//89
f 104//90 106//90 105//90 103//90
f 106//91 108//91 107//91 105//91
f 108//92 110//92 109//92 107//92
f 110//93 112//93 111//93 109//93
f 112//94 114//94 113//94 111//94
f 114//95 116//95 115//95 113//95
f 116//96 118//96 117//96 115//96
f 118//97 120//97 119//97 117//97
f 120//98 100//98 97//98 119//98
f 122//99 121//99 117//99 119//99
f 120//100 118//100 116//100 114//100 112//100 110//100 108//100 106//100 104//100 102//100 99//100 100//100
f 121//101 123//101 115//101 117//101
f 123//102 124//102 113//102 115//102
f 124//103 125//103 111//103 113//103
f 125//104 126//104 109//104 111//104
f 126//105 127//105 107//105 109//105
f 127//106 128//106 105//106 107//106
f 128//107 129//107 103//107 105//107
f 129//108 130//108 101//108 103//108
f 130//109 131//109 98//109 101//109
f 131//110 132//110 97//110 98//110
f 132//111 122//111 119//111 97//111
f 134//112 133//112 121//112 122//112
f 133//113 135//113 123//113 121//113
f 135//114 136//114 124//114 123//114
f 137//115 125//115 124//115
f 138//116 126//116 125//116
f 138//117 139//117 127//117 126//117
f 139//118 140//118 128//118 127//118
f 140//119 141//119 129//119 128//119
f 141//120 142//120 130//120 129//120
f 143//121 131//121 130//121
f 144//122 132//122 131//122
f 144//123 134//123 122//123 132//123
f 146//124 145//124 133//124 134//124
f 124//125 136//125 137//125
f 125//126 137//126 138//126
f 130//127 142//127 143//127
f 131//128 143//128 144//128
f 145//129 147//129 135//129 133//129
f 147//130 148//130 136//130 135//130
f 148//131 149//131 137//131 136//131
f 149//132 150//132 138//132 137//132
f 150//133 151//133 139//133 138//133
f 151//134 152//134 140//134 139//134
f 152//135 153//135 141//135 140//135
f 153//136 154//136 142//136 141//136
f 154//137 155//137 143//137 142//137
f 155//138 156//138 144//138 143//138
f 156//139 146//139 134//139 144//139
f 157//140 145//140 146//140
f 157//141 147//141 145//141
f 157//142 148//142 147//142
f 157//143 149//143 148//143
f 157//144 150//144 149//144
f 157//145 151//145 150//145
f 157//146 152//146 151//146
f 157//147 153//147 152//147
f 157//148 154//148 153//148
f 157//149 155//149 154//149
f 157//150 156//150 155//150
f 157//151 146//151 156//151
f 161//152 160//152 159//152 158//152
f 160//153 163//153 162//153 159//153
f 163//154 165//154 164//154 162//154
f 165//155 167//155 166//155 164//155
f 167//156 169//156 168//156 166//156
f 169//157 171//157 170//157 168//157
f 171//158 173//158 172//158 170//158
f 173//159 175//159 174//159 172//159
f 175//160 177//160 176//160 174//160
f 177//161 179//161 178//161 176//161
f 179//162 181//162 180//162 178//162
f 181//163 161//163 158//163 180//163
f 181//164 179//164 183//164 182//164
f 158//165 159//165 162//165 164//165 166//165 168//165 170//165 172//165 174//165 176//165 178//165 180//165
f 179//166 177//166 184//166 183//166
f 177//167 175//167 185//167 184//167
f 175//168 173//168 186//168 185//168
f 173//169 171//169 187//169 186//169
f 171//170 169//170 188//170 187//170
f 169//171 167//171 189//171 188//171
f 167//172 165//172 190//172 189//172
f 165//173 163//173 191//173 190//173
f 163//174 160//174 192//174 191//174
f 160//175 161//175 193//175 192//175
f 161//176 181//176 182//176 193//176
f 182//177 183//177 195//177 194//177
f 183//178 184//178 196//178 195//178
f 184//179 185//179 197//179 196//179
f 185//180 186//180 198//180
f 186//181 187//181 199//181
f 187//182 188//182 200//182 199//182
f 188//183 189//183 201//183 200//183
f 189//184 190//184 202//184 201//184
f 190//185 191//185 203//185 202//185
f 191//186 192//186 204//186
f 192//187 193//187 205//187
f 193//188 182//188 194//188 205//188
f 194//189 195//189 207//189 206//189
f 198//190 197//190 185//190
f 199//191 198//191 186//191
f 204//192 203//192 191//192
f 205//193 204//193 192//193
f 195//194 196//194 208//194 207//194
f 196//195 197//195 209//195 208//195
f 197//196 198//196 210//196 209//196
f 198//197 199//197 211//197 210//197
f 199//198 200//198 212//198 211//198
f 200//199 201//199 213//199 212//199
f 201//200 202//200 214//200 213//200
f 202//201 203//201 215//201 214//201
f 203//202 204//202 216//202 215//202
f 204//203 205//203 217//203 216//203
f 205//204 194//204 206//204 217//204
f 218//205 216//205 217//205
f 218//206 215//206 216//206
f 218//207 214//207 215//207
f 218//208 213//208 214//208
f 218//209 212//209 213//209
f 218//210 211//210 212//210
f 218//211 210//211 211//211
f 218//212 209//212 210//212
f 218//213 208//213 209//213
f 218//214 207//214 208//214
f 218//215 206//215 207//215
f 218//216 217//216 206//216
f 222//217 221//217 220//217 219//217
f 221//218 224//218 223//218 220//218
f 224//219 226//219 225//219 223//219
f 226//220 228//220 227//220 225//220
f 228//221 230//221 229//221 227//221
f 230//222 232//222 231//222 229//222
f 232//223 234//223 233//223 231//223
f 234//224 236//224 235//224 233//224
f 236//225 238//225 237//225 235//225
f 238//226 240//226 239//226 237//226
f 240//227 242//227 241//227 239//227
f 242//228 222//228 219//228 241//228
f 219//229 220//229 223//229 225//229 227//229 229//229 231//229 233//229 235//229 237//229 239//229 241//229
f 242//230 240//230 238//230 236//230 234//230 232//230 230//230 228//230 226//230 224//230 221//230 222//230
f 246//231 245//231 244//231 243//231
f 245//232 248//232 247//232 244//232
f 248//233 250//233 249//233 247//233
f 250//234 252//234 251//234 249//234
f 252//235 254//235 253//235 251//235
f 254//236 256//236 255//236 253//236
f 256//237 258//237 257//237 255//237
f 258//238 260//238 259//238 257//238
f 260//239 262//239 261//239 259//239
f 262//240 264//240 263//240 261//240
f 264//241 266//241 265//241 263//241
f 266//242 246//242 243//242 265//242
f 243//243 244//243 247//243 249//243 251//243 253//243 255//243 257//243 259//243 261//243 263//243 265//243
f 266//244 264//244 262//244 260//244 258//244 256//244 254//244 252//244 250//244 248//244 245//244 246//244
usemtl mat17
f 270//245 269//245 268//245 267//245
f 274//246 273//246 272//246 271//246
f 268//247 274//247 271//247 267//247
f 275//248 269//248 270//248
f 271//249 272//249 270//249
f 269//250 273//250 274//250
f 276//251 273//251 269//251
f 277//252 272//252 273//252
f 277//253 270//253 272//253
f 279//254 275//254 278//254
f 270//255 278//255 275//255
f 277//256 278//256 270//256
f 269//257 275//257 276//257
f 273//258 276//258 277//258
f 280//259 276//259 275//259
f 281//260 277//260 276//260
f 281//261 278//261 277//261
f 283//262 279//262 282//262
f 278//263 282//263 279//263
f 281//264 282//264 278//264
f 275//265 279//265 280//265
f 276//266 280//266 281//266
f 284//267 280//267 279//267
f 285//268 281//268 280//268
f 285//269 282//269 281//269
f 285//270 284//270 283//270 286//270
f 282//271 286//271 283//271
f 285//272 286//272 282//272
f 279//273 283//273 284//273
f 280//274 284//274 285//274
f 270//275 267//275 271//275
f 274//276 268//276 269//276
f 290//277 289//277 288//277 287//277
f 289//278 292//278 291//278 288//278
f 292//279 294//279 293//279 291//279
f 294//280 296//280 295//280 293//280
f 296//281 298//281 297//281 295//281
f 298//282 300//282 299//282 297//282
f 300//283 302//283 301//283 299//283
f 302//284 304//284 303//284 301//284
f 304//285 306//285 305//285 303//285
f 306//286 308//286 307//286 305//286
f 308//287 310//287 309//287 307//287
f 310//288 290//288 287//288 309//288
f 287//289 288//289 291//289 293//289 295//289 297//289 299//289 301//289 303//289 305//289 307//289 309//289
f 310//290 308//290 306//290 304//290 302//290 300//290 298//290 296//290 294//290 292//290 289//290 290//290
f 368//350 367//350 366//350 365//350
f 372//351 371//351 370//351 369//351
f 368//352 372//352 369//352 367//352
f 365//353 366//353 373//353
f 365//354 371//354 372//354
f 369//355 370//355 366//355
f 366//356 370//356 374//356
f 370//357 371//357 375//357
f 371//358 365//358 375//358
f 377//359 373//359 376//359
f 373//360 377//360 365//360
f 365//361 377//361 375//361
f 374//362 373//362 366//362
f 375//363 374//363 370//363
f 373//364 374//364 378//364
f 374//365 375//365 379//365
f 375//366 377//366 379//366
f 381//367 376//367 380//367
f 376//368 381//368 377//368
f 377//369 381//369 379//369
f 378//370 376//370 373//370
f 379//371 378//371 374//371
f 376//372 378//372 382//372
f 378//373 379//373 383//373
f 379//374 381//374 383//374
f 384//375 380//375 382//375 383//375
f 380//376 384//376 381//376
f 381//377 384//377 383//377
f 382//378 380//378 376//378
f 383//379 382//379 378//379
f 372//380 368//380 365//380
f 366//381 367//381 369//381
f 442//441 441//441 440//441 439//441
f 441//442 444//442 443//442 440//442
f 444//443 446//443 445//443 443//443
f 446//444 448//444 447//444 445//444
f 448//445 450//445 449//445 447//445
f 450//446 452//446 451//446 449//446
f 452//447 454//447 453//447 451//447
f 454//448 456//448 455//448 453//448
f 456//449 458//449 457//449 455//449
f 458//450 460//450 459//450 457//450
f 460//451 462//451 461//451 459//451
f 462//452 442//452 439//452 461//452
f 462//453 460//453 458//453 456//453 454//453 452//453 450//453 448//453 446//453 444//453 441//453 442//453
f 439//454 440//454 443//454 445//454 447//454 449//454 451//454 453//454 455//454 457//454 459//454 461//454
usemtl mat10
f 314//291 313//291 312//291 311//291
f 313//292 316//292 315//292 312//292
f 316//293 318//293 317//293 315//293
f 318//294 320//294 319//294 317//294
f 320//295 322//295 321//295 319//295
f 322//296 324//296 323//296 321//296
f 324//297 326//297 325//297 323//297
f 326//298 328//298 327//298 325//298
f 328//299 330//299 329//299 327//299
f 330//300 332//300 331//300 329//300
f 332//301 334//301 333//301 331//301
f 334//302 314//302 311//302 333//302
f 335//303 331//303 333//303
f 334//304 332//304 330//304 328//304 326//304 324//304 322//304 320//304 318//304 316//304 313//304 314//304
f 335//305 336//305 329//305 331//305
f 337//306 327//306 329//306
f 338//307 325//307 327//307
f 339//308 323//308 325//308
f 339//309 340//309 321//309 323//309
f 340//310 341//310 319//310 321//310
f 342//311 317//311 319//311
f 343//312 315//312 317//312
f 344//313 312//313 315//313
f 345//314 311//314 312//314
f 345//315 333//315 311//315
f 348//316 347//316 335//316 346//316
f 333//317 346//317 335//317
f 345//318 346//318 333//318
f 329//319 336//319 337//319
f 327//320 337//320 338//320
f 325//321 338//321 339//321
f 319//322 341//322 342//322
f 317//323 342//323 343//323
f 315//324 343//324 344//324
f 312//325 344//325 345//325
f 347//326 349//326 336//326 335//326
f 349//327 350//327 337//327 336//327
f 350//328 351//328 338//328 337//328
f 351//329 352//329 339//329 338//329
f 352//330 353//330 340//330 339//330
f 353//331 354//331 341//331 340//331
f 354//332 355//332 342//332 341//332
f 355//333 356//333 343//333 342//333
f 356//334 357//334 344//334 343//334
f 357//335 358//335 345//335 344//335
f 358//336 348//336 346//336 345//336
f 359//337 347//337 348//337
f 359//338 360//338 349//338 347//338
f 360//339 350//339 349//339
f 360//340 361//340 351//340 350//340
f 361//341 352//341 351//341
f 361//342 362//342 353//342 352//342
f 362//343 354//343 353//343
f 362//344 363//344 355//344 354//344
f 363//345 356//345 355//345
f 363//346 364//346 357//346 356//346
f 364//347 358//347 357//347
f 364//348 359//348 348//348 358//348
f 364//349 363//349 362//349 361//349 360//349 359//349
f 388//382 387//382 386//382 385//382
f 387//383 390//383 389//383 386//383
f 390//384 392//384 391//384 389//384
f 392//385 394//385 393//385 391//385
f 394//386 396//386 395//386 393//386
f 396//387 398//387 397//387 395//387
f 398//388 400//388 399//388 397//388
f 400//389 402//389 401//389 399//389
f 402//390 404//390 403//390 401//390
f 404//391 406//391 405//391 403//391
f 406//392 408//392 407//392 405//392
f 408//393 388//393 385//393 407//393
f 408//394 406//394 409//394
f 385//395 386//395 389//395 391//395 393//395 395//395 397//395 399//395 401//395 403//395 405//395 407//395
f 406//396 404//396 410//396 409//396
f 404//397 402//397 411//397
f 402//398 400//398 412//398
f 400//399 398//399 413//399
f 398//400 396//400 414//400 413//400
f 396//401 394//401 415//401 414//401
f 394//402 392//402 416//402
f 392//403 390//403 417//403
f 390//404 387//404 418//404
f 387//405 388//405 419//405
f 388//406 408//406 419//406
f 422//407 409//407 421//407 420//407
f 409//408 422//408 408//408
f 408//409 422//409 419//409
f 411//410 410//410 404//410
f 412//411 411//411 402//411
f 413//412 412//412 400//412
f 416//413 415//413 394//413
f 417//414 416//414 392//414
f 418//415 417//415 390//415
f 419//416 418//416 387//416
f 409//417 410//417 423//417 421//417
f 410//418 411//418 424//418 423//418
f 411//419 412//419 425//419 424//419
f 412//420 413//420 426//420 425//420
f 413//421 414//421 427//421 426//421
f 414//422 415//422 428//422 427//422
f 415//423 416//423 429//423 428//423
f 416//424 417//424 430//424 429//424
f 417//425 418//425 431//425 430//425
f 418//426 419//426 432//426 431//426
f 419//427 422//427 420//427 432//427
f 420//428 421//428 433//428
f 421//429 423//429 434//429 433//429
f 423//430 424//430 434//430
f 424//431 425//431 435//431 434//431
f 425//432 426//432 435//432
f 426//433 427//433 436//433 435//433
f 427//434 428//434 436//434
f 428//435 429//435 437//435 436//435
f 429//436 430//436 437//436
f 430//437 431//437 438//437 437//437
f 431//438 432//438 438//438
f 432//439 420//439 433//439 438//439
f 433//440 434//440 435//440 436//440 437//440 438//440
f 941//950 940//950 939//950
f 944//951 943//951 942//951
f 945//952 942//952 939//952
f 948//953 947//953 946//953
f 950//954 949//954 946//954 939//954
f 952//955 945//955 951//955
f 953//956 952//956 951//956
f 954//957 946//957 952//957
f 954//958 941//958 939//958 946//958
f 956//959 955//959 941//959
f 955//960 957//960 953//960
f 957//961 958//961 954//961
f 958//962 956//962 941//962 954//962
f 958//963 957//963 955//963 956//963
f 949//964 959//964 946//964
f 959//965 960//965 942//965
f 960//966 950//966 939//966 942//966
f 960//967 959//967 949//967 950//967
f 947//968 961//968 952//968
f 961//969 963//969 962//969
f 963//970 948//970 946//970
f 963//971 947//971 948//971
f 943//972 964//972 962//972
f 966//973 945//973 965//973
f 966//974 944//974 942//974 945//974
f 966//975 943//975 944//975
f 952//976 965//976 945//976
f 961//977 965//977 952//977
f 962//978 965//978 961//978
f 964//979 965//979 962//979
f 964//980 966//980 965//980
f 940//981 951//981 939//981
f 939//982 951//982 945//982
f 947//983 952//983 946//983
f 954//984 953//984 957//984
f 955//985 940//985 941//985
f 952//986 953//986 954//986
f 943//987 962//987 942//987
f 959//988 962//988 946//988
f 942//989 962//989 959//989
f 946//990 962//990 963//990
f 951//991 940//991 953//991
f 953//992 940//992 955//992
f 963//993 961//993 947//993
f 966//994 964//994 943//994
f 969//995 968//995 967//995
f 972//996 971//996 970//996
f 969//997 972//997 974//997 973//997
f 977//998 976//998 975//998
f 969//999 977//999 979//999 978//999
f 973//1000 974//1000 980//1000
f 973//1001 981//1001 968//1001
f 977//1002 982//1002 981//1002
f 977//1003 969//1003 967//1003 982//1003
f 967//1004 984//1004 983//1004
f 968//1005 981//1005 985//1005 984//1005
f 982//1006 986//1006 985//1006
f 982//1007 967//1007 983//1007 986//1007
f 983//1008 984//1008 985//1008 986//1008
f 977//1009 987//1009 979//1009
f 972//1010 988//1010 987//1010
f 972//1011 969//1011 978//1011 988//1011
f 978//1012 979//1012 987//1012 988//1012
f 990//1013 980//1013 989//1013
f 992//1014 991//1014 989//1014
f 977//1015 975//1015 991//1015
f 975//1016 989//1016 991//1016
f 992//1017 993//1017 971//1017
f 980//1018 974//1018 994//1018 993//1018
f 972//1019 970//1019 994//1019
f 970//1020 993//1020 994//1020
f 977//1021 990//1021 976//1021
f 981//1022 990//1022 977//1022
f 989//1023 980//1023 992//1023
f 995//1024 980//1024 993//1024
f 994//1025 974//1025 972//1025
f 969//1026 973//1026 968//1026
f 967//1027 968//1027 984//1027
f 985//1028 981//1028 982//1028
f 989//1029 976//1029 990//1029
f 975//1030 976//1030 989//1030
f 980//1031 990//1031 973//1031
f 973//1032 990//1032 981//1032
f 972//1033 992//1033 971//1033
f 977//1034 992//1034 987//1034
f 987//1035 992//1035 972//1035
f 991//1036 992//1036 977//1036
f 970//1037 971//1037 993//1037
f 996//1038 992//1038 980//1038
f 996//1039 993//1039 992//1039
f 998//1040 995//1040 997//1040
f 993//1041 997//1041 995//1041
f 996//1042 997//1042 993//1042
f 980//1043 995//1043 996//1043
f 1000//1044 999//1044 995//1044
f 999//1045 997//1045 996//1045
f 1001//1046 1000//1046 998//1046
f 999//1047 998//1047 997//1047
f 1002//1048 999//1048 1000//1048
f 1002//1049 998//1049 999//1049
f 1002//1050 1001//1050 1003//1050
f 998//1051 1003//1051 1001//1051
f 1002//1052 1003//1052 998//1052
f 1000//1053 1001//1053 1002//1053
f 999//1054 996//1054 995//1054
f 998//1055 1000//1055 995//1055
usemtl mat18
f 465//455 464//455 463//455
f 468//456 467//456 466//456
f 463//457 468//457 469//457
f 470//458 464//458 465//458
f 472//459 465//459 471//459
f 473//460 468//460 463//460
f 474//461 466//461 465//461
f 475//462 469//462 466//462
f 475//463 471//463 469//463
f 477//464 472//464 476//464
f 471//465 476//465 472//465
f 475//466 476//466 471//466
f 465//467 472//467 474//467
f 466//468 474//468 475//468
f 478//469 474//469 472//469
f 479//470 475//470 474//470
f 479//471 476//471 475//471
f 479//472 478//472 480//472
f 476//473 480//473 477//473
f 479//474 480//474 476//474
f 472//475 477//475 478//475
f 474//476 478//476 479//476
f 481//477 467//477 464//477
f 482//478 466//478 467//478
f 482//479 465//479 466//479
f 482//480 481//480 470//480 483//480
f 465//481 483//481 470//481
f 482//482 483//482 465//482
f 464//483 470//483 481//483
f 467//484 481//484 482//484
f 484//485 467//485 468//485
f 485//486 464//486 467//486
f 486//487 463//487 464//487
f 488//488 473//488 487//488
f 463//489 487//489 473//489
f 486//490 487//490 463//490
f 468//491 473//491 484//491
f 489//492 484//492 486//492
f 490//493 484//493 473//493
f 491//494 486//494 484//494
f 492//495 487//495 486//495
f 492//496 490//496 488//496 493//496
f 487//497 493//497 488//497
f 492//498 493//498 487//498
f 473//499 488//499 490//499
f 494//500 492//500 486//500
f 494//501 495//501 490//501 492//501
f 495//502 484//502 490//502
f 495//503 494//503 491//503 496//503
f 484//504 496//504 491//504
f 495//505 496//505 484//505
f 486//506 491//506 494//506
f 498//507 497//507 467//507 484//507
f 489//508 486//508 467//508
f 497//509 498//509 489//509
f 485//510 499//510 486//510 464//510
f 499//511 500//511 467//511 486//511
f 499//512 485//512 500//512
f 467//513 500//513 485//513
f 469//514 471//514 463//514
f 463//515 471//515 465//515
f 466//516 469//516 468//516
f 478//517 477//517 480//517
f 489//518 498//518 484//518
f 467//519 497//519 489//519
f 503//520 502//520 501//520
f 506//521 505//521 504//521
f 507//522 504//522 503//522
f 501//523 502//523 508//523
f 507//524 501//524 509//524
f 503//525 504//525 510//525
f 501//526 506//526 511//526
f 506//527 513//527 512//527
f 513//528 507//528 512//528
f 515//529 509//529 514//529
f 509//530 515//530 507//530
f 507//531 515//531 512//531
f 511//532 509//532 501//532
f 512//533 511//533 506//533
f 509//534 511//534 516//534
f 511//535 512//535 517//535
f 512//536 515//536 517//536
f 518//537 514//537 516//537 517//537
f 514//538 518//538 515//538
f 515//539 518//539 517//539
f 516//540 514//540 509//540
f 517//541 516//541 511//541
f 502//542 505//542 519//542
f 505//543 506//543 520//543
f 506//544 501//544 520//544
f 521//545 508//545 519//545 520//545
f 508//546 521//546 501//546
f 501//547 521//547 520//547
f 519//548 508//548 502//548
f 520//549 519//549 505//549
f 504//550 505//550 522//550
f 505//551 502//551 523//551
f 502//552 503//552 524//552
f 526//553 510//553 525//553
f 510//554 526//554 503//554
f 503//555 526//555 524//555
f 522//556 510//556 504//556
f 524//557 522//557 528//557 527//557
f 510//558 522//558 529//558
f 522//559 524//559 530//559
f 524//560 526//560 531//560
f 532//561 525//561 529//561 531//561
f 525//562 532//562 526//562
f 526//563 532//563 531//563
f 529//564 525//564 510//564
f 524//565 531//565 533//565
f 531//566 529//566 534//566 533//566
f 529//567 522//567 534//567
f 535//568 530//568 533//568 534//568
f 530//569 535//569 522//569
f 522//570 535//570 534//570
f 533//571 530//571 524//571
f 522//572 505//572 536//572 528//572
f 505//573 524//573 527//573 536//573
f 527//574 528//574 536//574
f 502//575 524//575 537//575 523//575
f 524//576 505//576 538//576 537//576
f 538//577 523//577 537//577
f 523//578 538//578 505//578
f 504//579 513//579 506//579
f 507//580 513//580 504//580
f 501//581 507//581 503//581
usemtl mat20
f 542//582 541//582 540//582 539//582
f 541//583 544//583 543//583 540//583
f 544//584 546//584 545//584 543//584
f 546//585 548//585 547//585 545//585
f 548//586 550//586 549//586 547//586
f 550//587 552//587 551//587 549//587
f 552//588 554//588 553//588 551//588
f 554//589 556//589 555//589 553//589
f 556//590 558//590 557//590 555//590
f 558//591 542//591 539//591 557//591
f 568//592 567//592 566//592 565//592 564//592 563//592 562//592 561//592 560//592 559//592
f 539//593 540//593 543//593 545//593 547//593 549//593 551//593 553//593 555//593 557//593
f 570//594 569//594 541//594 542//594
f 569//595 571//595 544//595 541//595
f 571//596 572//596 546//596 544//596
f 572//597 573//597 548//597 546//597
f 573//598 574//598 550//598 548//598
f 574//599 575//599 552//599 550//599
f 575//600 576//600 554//600 552//600
f 576//601 577//601 556//601 554//601
f 577//602 578//602 558//602 556//602
f 578//603 570//603 542//603 558//603
f 580//604 579//604 569//604 570//604
f 579//605 581//605 571//605 569//605
f 581//606 582//606 572//606 571//606
f 582//607 583//607 573//607 572//607
f 583//608 584//608 574//608 573//608
f 584//609 585//609 575//609 574//609
f 585//610 586//610 576//610 575//610
f 586//611 587//611 577//611 576//611
f 587//612 588//612 578//612 577//612
f 588//613 580//613 570//613 578//613
f 590//614 589//614 579//614 580//614
f 589//615 591//615 581//615 579//615
f 591//616 592//616 582//616 581//616
f 592//617 593//617 583//617 582//617
f 593//618 594//618 584//618 583//618
f 594//619 595//619 585//619 584//619
f 595//620 596//620 586//620 585//620
f 596//621 597//621 587//621 586//621
f 597//622 598//622 588//622 587//622
f 598//623 590//623 580//623 588//623
f 600//624 599//624 589//624 590//624
f 599//625 601//625 591//625 589//625
f 601//626 602//626 592//626 591//626
f 602//627 603//627 593//627 592//627
f 603//628 604//628 594//628 593//628
f 604//629 605//629 595//629 594//629
f 605//630 606//630 596//630 595//630
f 606//631 607//631 597//631 596//631
f 607//632 608//632 598//632 597//632
f 608//633 600//633 590//633 598//633
f 610//634 609//634 599//634 600//634
f 609//635 611//635 601//635 599//635
f 611//636 612//636 602//636 601//636
f 612//637 613//637 603//637 602//637
f 613//638 614//638 604//638 603//638
f 614//639 615//639 605//639 604//639
f 615//640 616//640 606//640 605//640
f 616//641 617//641 607//641 606//641
f 617//642 618//642 608//642 607//642
f 618//643 610//643 600//643 608//643
f 620//644 619//644 609//644 610//644
f 619//645 621//645 611//645 609//645
f 621//646 622//646 612//646 611//646
f 622//647 623//647 613//647 612//647
f 623//648 624//648 614//648 613//648
f 624//649 625//649 615//649 614//649
f 625//650 626//650 616//650 615//650
f 626//651 627//651 617//651 616//651
f 627//652 628//652 618//652 617//652
f 628//653 620//653 610//653 618//653
f 630//654 629//654 619//654 620//654
f 629//655 631//655 621//655 619//655
f 631//656 632//656 622//656 621//656
f 632//657 633//657 623//657 622//657
f 633//658 634//658 624//658 623//658
f 634//659 635//659 625//659 624//659
f 635//660 636//660 626//660 625//660
f 636//661 637//661 627//661 626//661
f 637//662 638//662 628//662 627//662
f 638//663 630//663 620//663 628//663
f 640//664 639//664 629//664 630//664
f 639//665 641//665 631//665 629//665
f 641//666 642//666 632//666 631//666
f 642//667 643//667 633//667 632//667
f 643//668 644//668 634//668 633//668
f 644//669 645//669 635//669 634//669
f 645//670 646//670 636//670 635//670
f 646//671 647//671 637//671 636//671
f 647//672 648//672 638//672 637//672
f 648//673 640//673 630//673 638//673
f 650//674 649//674 639//674 640//674
f 649//675 651//675 641//675 639//675
f 651//676 652//676 642//676 641//676
f 652//677 653//677 643//677 642//677
f 653//678 654//678 644//678 643//678
f 654//679 655//679 645//679 644//679
f 655//680 656//680 646//680 645//680
f 656//681 657//681 647//681 646//681
f 657//682 658//682 648//682 647//682
f 658//683 650//683 640//683 648//683
f 660//684 659//684 649//684 650//684
f 659//685 661//685 651//685 649//685
f 661//686 662//686 652//686 651//686
f 662//687 663//687 653//687 652//687
f 663//688 664//688 654//688 653//688
f 664//689 665//689 655//689 654//689
f 665//690 666//690 656//690 655//690
f 666//691 667//691 657//691 656//691
f 667//692 668//692 658//692 657//692
f 668//693 660//693 650//693 658//693
f 670//694 669//694 659//694 660//694
f 669//695 671//695 661//695 659//695
f 671//696 672//696 662//696 661//696
f 672//697 673//697 663//697 662//697
f 673//698 674//698 664//698 663//698
f 674//699 675//699 665//699 664//699
f 675//700 676//700 666//700 665//700
f 676//701 677//701 667//701 666//701
f 677//702 678//702 668//702 667//702
f 678//703 670//703 660//703 668//703
f 680//704 679//704 669//704 670//704
f 679//705 681//705 671//705 669//705
f 681//706 682//706 672//706 671//706
f 682//707 683//707 673//707 672//707
f 683//708 684//708 674//708 673//708
f 684//709 685//709 675//709 674//709
f 685//710 686//710 676//710 675//710
f 686//711 687//711 677//711 676//711
f 687//712 688//712 678//712 677//712
f 688//713 680//713 670//713 678//713
f 690//714 689//714 679//714 680//714
f 689//715 691//715 681//715 679//715
f 691//716 692//716 682//716 681//716
f 692//717 693//717 683//717 682//717
f 693//718 694//718 684//718 683//718
f 694//719 695//719 685//719 684//719
f 695//720 696//720 686//720 685//720
f 696//721 697//721 687//721 686//721
f 697//722 698//722 688//722 687//722
f 698//723 690//723 680//723 688//723
f 700//724 699//724 689//724 690//724
f 699//725 701//725 691//725 689//725
f 701//726 702//726 692//726 691//726
f 702//727 703//727 693//727 692//727
f 703//728 704//728 694//728 693//728
f 704//729 705//729 695//729 694//729
f 705//730 706//730 696//730 695//730
f 706//731 707//731 697//731 696//731
f 707//732 708//732 698//732 697//732
f 708//733 700//733 690//733 698//733
f 710//734 709//734 699//734 700//734
f 709//735 711//735 701//735 699//735
f 711//736 712//736 702//736 701//736
f 712//737 713//737 703//737 702//737
f 713//738 714//738 704//738 703//738
f 714//739 715//739 705//739 704//739
f 715//740 716//740 706//740 705//740
f 716//741 717//741 707//741 706//741
f 717//742 718//742 708//742 707//742
f 718//743 710//743 700//743 708//743
f 559//744 560//744 709//744 710//744
f 560//745 561//745 711//745 709//745
f 561//746 562//746 712//746 711//746
f 562//747 563//747 713//747 712//747
f 563//748 564//748 714//748 713//748
f 564//749 565//749 715//749 714//749
f 565//750 566//750 716//750 715//750
f 566//751 567//751 717//751 716//751
f 567//752 568//752 718//752 717//752
f 568//753 559//753 710//753 718//753
f 722//754 721//754 720//754 719//754
f 721//755 724//755 723//755 720//755
f 724//756 726//756 725//756 723//756
f 726//757 728//757 727//757 725//757
f 728//758 730//758 729//758 727//758
f 730//759 732//759 731//759 729//759
f 732//760 734//760 733//760 731//760
f 734//761 736//761 735//761 733//761
f 736//762 738//762 737//762 735//762
f 738//763 722//763 719//763 737//763
f 738//764 736//764 734//764 732//764 730//764 728//764 726//764 724//764 721//764 722//764
f 719//765 720//765 723//765 725//765 727//765 729//765 731//765 733//765 735//765 737//765
f 742//766 741//766 740//766 739//766
f 741//767 744//767 743//767 740//767
f 744//768 746//768 745//768 743//768
f 746//769 748//769 747//769 745//769
f 748//770 750//770 749//770 747//770
f 750//771 752//771 751//771 749//771
f 752//772 754//772 753//772 751//772
f 754//773 756//773 755//773 753//773
f 756//774 758//774 757//774 755//774
f 758//775 742//775 739//775 757//775
f 739//776 740//776 743//776 745//776 747//776 749//776 751//776 753//776 755//776 757//776
f 758//777 756//777 754//777 752//777 750//777 748//777 746//777 744//777 741//777 742//777
f 762//778 761//778 760//778 759//778
f 761//779 764//779 763//779 760//779
f 764//780 766//780 765//780 763//780
f 766//781 768//781 767//781 765//781
f 768//782 770//782 769//782 767//782
f 770//783 772//783 771//783 769//783
f 772//784 774//784 773//784 771//784
f 774//785 776//785 775//785 773//785
f 776//786 778//786 777//786 775//786
f 778//787 762//787 759//787 777//787
f 788//788 787//788 786//788 785//788 784//788 783//788 782//788 781//788 780//788 779//788
f 778//789 776//789 774//789 772//789 770//789 768//789 766//789 764//789 761//789 762//789
f 759//790 760//790 790//790 789//790
f 760//791 763//791 791//791 790//791
f 763//792 765//792 792//792 791//792
f 765//793 767//793 793//793 792//793
f 767//794 769//794 794//794 793//794
f 769//795 771//795 795//795 794//795
f 771//796 773//796 796//796 795//796
f 773//797 775//797 797//797 796//797
f 775//798 777//798 798//798 797//798
f 777//799 759//799 789//799 798//799
f 789//800 790//800 800//800 799//800
f 790//801 791//801 801//801 800//801
f 791//802 792//802 802//802 801//802
f 792//803 793//803 803//803 802//803
f 793//804 794//804 804//804 803//804
f 794//805 795//805 805//805 804//805
f 795//806 796//806 806//806 805//806
f 796//807 797//807 807//807 806//807
f 797//808 798//808 808//808 807//808
f 798//809 789//809 799//809 808//809
f 799//810 800//810 810//810 809//810
f 800//811 801//811 811//811 810//811
f 801//812 802//812 812//812 811//812
f 802//813 803//813 813//813 812//813
f 803//814 804//814 814//814 813//814
f 804//815 805//815 815//815 814//815
f 805//816 806//816 816//816 815//816
f 806//817 807//817 817//817 816//817
f 807//818 808//818 818//818 817//818
f 808//819 799//819 809//819 818//819
f 809//820 810//820 820//820 819//820
f 810//821 811//821 821//821 820//821
f 811//822 812//822 822//822 821//822
f 812//823 813//823 823//823 822//823
f 813//824 814//824 824//824 823//824
f 814//825 815//825 825//825 824//825
f 815//826 816//826 826//826 825//826
f 816//827 817//827 827//827 826//827
f 817//828 818//828 828//828 827//828
f 818//829 809//829 819//829 828//829
f 819//830 820//830 830//830 829//830
f 820//831 821//831 831//831 830//831
f 821//832 822//832 832//832 831//832
f 822//833 823//833 833//833 832//833
f 823//834 824//834 834//834 833//834
f 824//835 825//835 835//835 834//835
f 825//836 826//836 836//836 835//836
f 826//837 827//837 837//837 836//837
f 827//838 828//838 838//838 837//838
f 828//839 819//839 829//839 838//839
f 829//840 830//840 840//840 839//840
f 830//841 831//841 841//841 840//841
f 831//842 832//842 842//842 841//842
f 832//843 833//843 843//843 842//843
f 833//844 834//844 844//844 843//844
f 834//845 835//845 845//845 844//845
f 835//846 836//846 846//846 845//846
f 836//847 837//847 847//847 846//847
f 837//848 838//848 848//848 847//848
f 838//849 829//849 839//849 848//849
f 839//850 840//850 850//850 849//850
f 840//851 841//851 851//851 850//851
f 841//852 842//852 852//852 851//852
f 842//853 843//853 853//853 852//853
f 843//854 844//854 854//854 853//854
f 844//855 845//855 855//855 854//855
f 845//856 846//856 856//856 855//856
f 846//857 847//857 857//857 856//857
f 847//858 848//858 858//858 857//858
f 848//859 839//859 849//859 858//859
f 849//860 850//860 860//860 859//860
f 850//861 851//861 861//861 860//861
f 851//862 852//862 862//862 861//862
f 852//863 853//863 863//863 862//863
f 853//864 854//864 864//864 863//864
f 854//865 855//865 865//865 864//865
f 855//866 856//866 866//866 865//866
f 856//867 857//867 867//867 866//867
f 857//868 858//868 868//868 867//868
f 858//869 849//869 859//869 868//869
f 859//870 860//870 870//870 869//870
f 860//871 861//871 871//871 870//871
f 861//872 862//872 872//872 871//872
f 862//873 863//873 873//873 872//873
f 863//874 864//874 874//874 873//874
f 864//875 865//875 875//875 874//875
f 865//876 866//876 876//876 875//876
f 866//877 867//877 877//877 876//877
f 867//878 868//878 878//878 877//878
f 868//879 859//879 869//879 878//879
f 869//880 870//880 880//880 879//880
f 870//881 871//881 881//881 880//881
f 871//882 872//882 882//882 881//882
f 872//883 873//883 883//883 882//883
f 873//884 874//884 884//884 883//884
f 874//885 875//885 885//885 884//885
f 875//886 876//886 886//886 885//886
f 876//887 877//887 887//887 886//887
f 877//888 878//888 888//888 887//888
f 878//889 869//889 879//889 888//889
f 879//890 880//890 890//890 889//890
f 880//891 881//891 891//891 890//891
f 881//892 882//892 892//892 891//892
f 882//893 883//893 893//893 892//893
f 883//894 884//894 894//894 893//894
f 884//895 885//895 895//895 894//895
f 885//896 886//896 896//896 895//896
f 886//897 887//897 897//897 896//897
f 887//898 888//898 898//898 897//898
f 888//899 879//899 889//899 898//899
f 889//900 890//900 900//900 899//900
f 890//901 891//901 901//901 900//901
f 891//902 892//902 902//902 901//902
f 892//903 893//903 903//903 902//903
f 893//904 894//904 904//904 903//904
f 894//905 895//905 905//905 904//905
f 895//906 896//906 906//906 905//906
f 896//907 897//907 907//907 906//907
f 897//908 898//908 908//908 907//908
f 898//909 889//909 899//909 908//909
f 899//910 900//910 910//910 909//910
f 900//911 901//911 911//911 910//911
f 901//912 902//912 912//912 911//912
f 902//913 903//913 913//913 912//913
f 903//914 904//914 914//914 913//914
f 904//915 905//915 915//915 914//915
f 905//916 906//916 916//916 915//916
f 906//917 907//917 917//917 916//917
f 907//918 908//918 918//918 917//918
f 908//919 899//919 909//919 918//919
f 909//920 910//920 920//920 919//920
f 910//921 911//921 921//921 920//921
f 911//922 912//922 922//922 921//922
f 912//923 913//923 923//923 922//923
f 913//924 914//924 924//924 923//924
f 914//925 915//925 925//925 924//925
f 915//926 916//926 926//926 925//926
f 916//927 917//927 927//927 926//927
f 917//928 918//928 928//928 927//928
f 918//929 909//929 919//929 928//929
f 919//930 920//930 930//930 929//930
f 920//931 921//931 931//931 930//931
f 921//932 922//932 932//932 931//932
f 922//933 923//933 933//933 932//933
f 923//934 924//934 934//934 933//934
f 924//935 925//935 935//935 934//935
f 925//936 926//936 936//936 935//936
f 926//937 927//937 937//937 936//937
f 927//938 928//938 938//938 937//938
f 928//939 919//939 929//939 938//939
f 929//940 930//940 787//940 788//940
f 930//941 931//941 786//941 787//941
f 931//942 932//942 785//942 786//942
f 932//943 933//943 784//943 785//943
f 933//944 934//944 783//944 784//944
f 934//945 935//945 782//945 783//945
f 935//946 936//946 781//946 782//946
f 936//947 937//947 780//947 781//947
f 937//948 938//948 779//948 780//948
f 938//949 929//949 788//949 779//949
usemtl mat14
f 1356//1534 1355//1534 1354//1534 1353//1534
f 1355//1535 1358//1535 1357//1535 1354//1535
f 1358//1536 1360//1536 1359//1536 1357//1536
f 1360//1537 1362//1537 1361//1537 1359//1537
f 1362//1538 1364//1538 1363//1538 1361//1538
f 1364//1539 1366//1539 1365//1539 1363//1539
f 1366//1540 1368//1540 1367//1540 1365//1540
f 1368//1541 1370//1541 1369//1541 1367//1541
f 1370//1542 1372//1542 1371//1542 1369//1542
f 1372//1543 1356//1543 1353//1543 1371//1543
f 1382//1544 1381//1544 1380//1544 1379//1544 1378//1544 1377//1544 1376//1544 1375//1544 1374//1544 1373//1544
f 1353//1545 1354//1545 1357//1545 1359//1545 1361//1545 1363//1545 1365//1545 1367//1545 1369//1545 1371//1545
f 1384//1546 1383//1546 1355//1546 1356//1546
f 1383//1547 1385//1547 1358//1547 1355//1547
f 1385//1548 1386//1548 1360//1548 1358//1548
f 1386//1549 1387//1549 1362//1549 1360//1549
f 1387//1550 1388//1550 1364//1550 1362//1550
f 1388//1551 1389//1551 1366//1551 1364//1551
f 1389//1552 1390//1552 1368//1552 1366//1552
f 1390//1553 1391//1553 1370//1553 1368//1553
f 1391//1554 1392//1554 1372//1554 1370//1554
f 1392//1555 1384//1555 1356//1555 1372//1555
f 1394//1556 1393//1556 1383//1556 1384//1556
f 1393//1557 1395//1557 1385//1557 1383//1557
f 1395//1558 1396//1558 1386//1558 1385//1558
f 1396//1559 1397//1559 1387//1559 1386//1559
f 1397//1560 1398//1560 1388//1560 1387//1560
f 1398//1561 1399//1561 1389//1561 1388//1561
f 1399//1562 1400//1562 1390//1562 1389//1562
f 1400//1563 1401//1563 1391//1563 1390//1563
f 1401//1564 1402//1564 1392//1564 1391//1564
f 1402//1565 1394//1565 1384//1565 1392//1565
f 1404//1566 1403//1566 1393//1566 1394//1566
f 1403//1567 1405//1567 1395//1567 1393//1567
f 1405//1568 1406//1568 1396//1568 1395//1568
f 1406//1569 1407//1569 1397//1569 1396//1569
f 1407//1570 1408//1570 1398//1570 1397//1570
f 1408//1571 1409//1571 1399//1571 1398//1571
f 1409//1572 1410//1572 1400//1572 1399//1572
f 1410//1573 1411//1573 1401//1573 1400//1573
f 1411//1574 1412//1574 1402//1574 1401//1574
f 1412//1575 1404//1575 1394//1575 1402//1575
f 1414//1576 1413//1576 1403//1576 1404//1576
f 1413//1577 1415//1577 1405//1577 1403//1577
f 1415//1578 1416//1578 1406//1578 1405//1578
f 1416//1579 1417//1579 1407//1579 1406//1579
f 1417//1580 1418//1580 1408//1580 1407//1580
f 1418//1581 1419//1581 1409//1581 1408//1581
f 1419//1582 1420//1582 1410//1582 1409//1582
f 1420//1583 1421//1583 1411//1583 1410//1583
f 1421//1584 1422//1584 1412//1584 1411//1584
f 1422//1585 1414//1585 1404//1585 1412//1585
f 1424//1586 1423//1586 1413//1586 1414//1586
f 1423//1587 1425//1587 1415//1587 1413//1587
f 1425//1588 1426//1588 1416//1588 1415//1588
f 1426//1589 1427//1589 1417//1589 1416//1589
f 1427//1590 1428//1590 1418//1590 1417//1590
f 1428//1591 1429//1591 1419//1591 1418//1591
f 1429//1592 1430//1592 1420//1592 1419//1592
f 1430//1593 1431//1593 1421//1593 1420//1593
f 1431//1594 1432//1594 1422//1594 1421//1594
f 1432//1595 1424//1595 1414//1595 1422//1595
f 1434//1596 1433//1596 1423//1596 1424//1596
f 1433//1597 1435//1597 1425//1597 1423//1597
f 1435//1598 1436//1598 1426//1598 1425//1598
f 1436//1599 1437//1599 1427//1599 1426//1599
f 1437//1600 1438//1600 1428//1600 1427//1600
f 1438//1601 1439//1601 1429//1601 1428//1601
f 1439//1602 1440//1602 1430//1602 1429//1602
f 1440//1603 1441//1603 1431//1603 1430//1603
f 1441//1604 1442//1604 1432//1604 1431//1604
f 1442//1605 1434//1605 1424//1605 1432//1605
f 1444//1606 1443//1606 1433//1606 1434//1606
f 1443//1607 1445//1607 1435//1607 1433//1607
f 1445//1608 1446//1608 1436//1608 1435//1608
f 1446//1609 1447//1609 1437//1609 1436//1609
f 1447//1610 1448//1610 1438//1610 1437//1610
f 1448//1611 1449//1611 1439//1611 1438//1611
f 1449//1612 1450//1612 1440//1612 1439//1612
f 1450//1613 1451//1613 1441//1613 1440//1613
f 1451//1614 1452//1614 1442//1614 1441//1614
f 1452//1615 1444//1615 1434//1615 1442//1615
f 1454//1616 1453//1616 1443//1616 1444//1616
f 1453//1617 1455//1617 1445//1617 1443//1617
f 1455//1618 1456//1618 1446//1618 1445//1618
f 1456//1619 1457//1619 1447//1619 1446//1619
f 1457//1620 1458//1620 1448//1620 1447//1620
f 1458//1621 1459//1621 1449//1621 1448//1621
f 1459//1622 1460//1622 1450//1622 1449//1622
f 1460//1623 1461//1623 1451//1623 1450//1623
f 1461//1624 1462//1624 1452//1624 1451//1624
f 1462//1625 1454//1625 1444//1625 1452//1625
f 1464//1626 1463//1626 1453//1626 1454//1626
f 1463//1627 1465//1627 1455//1627 1453//1627
f 1465//1628 1466//1628 1456//1628 1455//1628
f 1466//1629 1467//1629 1457//1629 1456//1629
f 1467//1630 1468//1630 1458//1630 1457//1630
f 1468//1631 1469//1631 1459//1631 1458//1631
f 1469//1632 1470//1632 1460//1632 1459//1632
f 1470//1633 1471//1633 1461//1633 1460//1633
f 1471//1634 1472//1634 1462//1634 1461//1634
f 1472//1635 1464//1635 1454//1635 1462//1635
f 1474//1636 1473//1636 1463//1636 1464//1636
f 1473//1637 1475//1637 1465//1637 1463//1637
f 1475//1638 1476//1638 1466//1638 1465//1638
f 1476//1639 1477//1639 1467//1639 1466//1639
f 1477//1640 1478//1640 1468//1640 1467//1640
f 1478//1641 1479//1641 1469//1641 1468//1641
f 1479//1642 1480//1642 1470//1642 1469//1642
f 1480//1643 1481//1643 1471//1643 1470//1643
f 1481//1644 1482//1644 1472//1644 1471//1644
f 1482//1645 1474//1645 1464//1645 1472//1645
f 1484//1646 1483//1646 1473//1646 1474//1646
f 1483//1647 1485//1647 1475//1647 1473//1647
f 1485//1648 1486//1648 1476//1648 1475//1648
f 1486//1649 1487//1649 1477//1649 1476//1649
f 1487//1650 1488//1650 1478//1650 1477//1650
f 1488//1651 1489//1651 1479//1651 1478//1651
f 1489//1652 1490//1652 1480//1652 1479//1652
f 1490//1653 1491//1653 1481//1653 1480//1653
f 1491//1654 1492//1654 1482//1654 1481//1654
f 1492//1655 1484//1655 1474//1655 1482//1655
f 1494//1656 1493//1656 1483//1656 1484//1656
f 1493//1657 1495//1657 1485//1657 1483//1657
f 1495//1658 1496//1658 1486//1658 1485//1658
f 1496//1659 1497//1659 1487//1659 1486//1659
f 1497//1660 1498//1660 1488//1660 1487//1660
f 1498//1661 1499//1661 1489//1661 1488//1661
f 1499//1662 1500//1662 1490//1662 1489//1662
f 1500//1663 1501//1663 1491//1663 1490//1663
f 1501//1664 1502//1664 1492//1664 1491//1664
f 1502//1665 1494//1665 1484//1665 1492//1665
f 1504//1666 1503//1666 1493//1666 1494//1666
f 1503//1667 1505//1667 1495//1667 1493//1667
f 1505//1668 1506//1668 1496//1668 1495//1668
f 1506//1669 1507//1669 1497//1669 1496//1669
f 1507//1670 1508//1670 1498//1670 1497//1670
f 1508//1671 1509//1671 1499//1671 1498//1671
f 1509//1672 1510//1672 1500//1672 1499//1672
f 1510//1673 1511//1673 1501//1673 1500//1673
f 1511//1674 1512//1674 1502//1674 1501//1674
f 1512//1675 1504//1675 1494//1675 1502//1675
f 1514//1676 1513//1676 1503//1676 1504//1676
f 1513//1677 1515//1677 1505//1677 1503//1677
f 1515//1678 1516//1678 1506//1678 1505//1678
f 1516//1679 1517//1679 1507//1679 1506//1679
f 1517//1680 1518//1680 1508//1680 1507//1680
f 1518//1681 1519//1681 1509//1681 1508//1681
f 1519//1682 1520//1682 1510//1682 1509//1682
f 1520//1683 1521//1683 1511//1683 1510//1683
f 1521//1684 1522//1684 1512//1684 1511//1684
f 1522//1685 1514//1685 1504//1685 1512//1685
f 1524//1686 1523//1686 1513//1686 1514//1686
f 1523//1687 1525//1687 1515//1687 1513//1687
f 1525//1688 1526//1688 1516//1688 1515//1688
f 1526//1689 1527//1689 1517//1689 1516//1689
f 1527//1690 1528//1690 1518//1690 1517//1690
f 1528//1691 1529//1691 1519//1691 1518//1691
f 1529//1692 1530//1692 1520//1692 1519//1692
f 1530//1693 1531//1693 1521//1693 1520//1693
f 1531//1694 1532//1694 1522//1694 1521//1694
f 1532//1695 1524//1695 1514//1695 1522//1695
f 1373//1696 1374//1696 1523//1696 1524//1696
f 1374//1697 1375//1697 1525//1697 1523//1697
f 1375//1698 1376//1698 1526//1698 1525//1698
f 1376//1699 1377//1699 1527//1699 1526//1699
f 1377//1700 1378//1700 1528//1700 1527//1700
f 1378//1701 1379//1701 1529//1701 1528//1701
f 1379//1702 1380//1702 1530//1702 1529//1702
f 1380//1703 1381//1703 1531//1703 1530//1703
f 1381//1704 1382//1704 1532//1704 1531//1704
f 1382//1705 1373//1705 1524//1705 1532//1705
f 1536//1706 1535//1706 1534//1706 1533//1706
f 1535//1707 1538//1707 1537//1707 1534//1707
f 1538//1708 1540//1708 1539//1708 1537//1708
f 1540//1709 1542//1709 1541//1709 1539//1709
f 1542//1710 1544//1710 1543//1710 1541//1710
f 1544//1711 1546//1711 1545//1711 1543//1711
f 1546//1712 1548//1712 1547//1712 1545//1712
f 1548//1713 1550//1713 1549//1713 1547//1713
f 1550//1714 1552//1714 1551//1714 1549//1714
f 1552//1715 1536//1715 1533//1715 1551//1715
f 1552//1716 1550//1716 1548//1716 1546//1716 1544//1716 1542//1716 1540//1716 1538//1716 1535//1716 1536//1716
f 1562//1717 1561//1717 1560//1717 1559//1717 1558//1717 1557//1717 1556//1717 1555//1717 1554//1717 1553//1717
f 1564//1718 1563//1718 1549//1718 1551//1718
f 1563//1719 1565//1719 1547//1719 1549//1719
f 1565//1720 1566//1720 1545//1720 1547//1720
f 1566//1721 1567//1721 1543//1721 1545//1721
f 1567//1722 1568//1722 1541//1722 1543//1722
f 1568//1723 1569//1723 1539//1723 1541//1723
f 1569//1724 1570//1724 1537//1724 1539//1724
f 1570//1725 1571//1725 1534//1725 1537//1725
f 1571//1726 1572//1726 1533//1726 1534//1726
f 1572//1727 1564//1727 1551//1727 1533//1727
f 1574//1728 1573//1728 1563//1728 1564//1728
f 1573//1729 1575//1729 1565//1729 1563//1729
f 1575//1730 1576//1730 1566//1730 1565//1730
f 1576//1731 1577//1731 1567//1731 1566//1731
f 1577//1732 1578//1732 1568//1732 1567//1732
f 1578//1733 1579//1733 1569//1733 1568//1733
f 1579//1734 1580//1734 1570//1734 1569//1734
f 1580//1735 1581//1735 1571//1735 1570//1735
f 1581//1736 1582//1736 1572//1736 1571//1736
f 1582//1737 1574//1737 1564//1737 1572//1737
f 1584//1738 1583//1738 1573//1738 1574//1738
f 1583//1739 1585//1739 1575//1739 1573//1739
f 1585//1740 1586//1740 1576//1740 1575//1740
f 1586//1741 1587//1741 1577//1741 1576//1741
f 1587//1742 1588//1742 1578//1742 1577//1742
f 1588//1743 1589//1743 1579//1743 1578//1743
f 1589//1744 1590//1744 1580//1744 1579//1744
f 1590//1745 1591//1745 1581//1745 1580//1745
f 1591//1746 1592//1746 1582//1746 1581//1746
f 1592//1747 1584//1747 1574//1747 1582//1747
f 1594//1748 1593//1748 1583//1748 1584//1748
f 1593//1749 1595//1749 1585//1749 1583//1749
f 1595//1750 1596//1750 1586//1750 1585//1750
f 1596//1751 1597//1751 1587//1751 1586//1751
f 1597//1752 1598//1752 1588//1752 1587//1752
f 1598//1753 1599//1753 1589//1753 1588//1753
f 1599//1754 1600//1754 1590//1754 1589//1754
f 1600//1755 1601//1755 1591//1755 1590//1755
f 1601//1756 1602//1756 1592//1756 1591//1756
f 1602//1757 1594//1757 1584//1757 1592//1757
f 1604//1758 1603//1758 1593//1758 1594//1758
f 1603//1759 1605//1759 1595//1759 1593//1759
f 1605//1760 1606//1760 1596//1760 1595//1760
f 1606//1761 1607//1761 1597//1761 1596//1761
f 1607//1762 1608//1762 1598//1762 1597//1762
f 1608//1763 1609//1763 1599//1763 1598//1763
f 1609//1764 1610//1764 1600//1764 1599//1764
f 1610//1765 1611//1765 1601//1765 1600//1765
f 1611//1766 1612//1766 1602//1766 1601//1766
f 1612//1767 1604//1767 1594//1767 1602//1767
f 1614//1768 1613//1768 1603//1768 1604//1768
f 1613//1769 1615//1769 1605//1769 1603//1769
f 1615//1770 1616//1770 1606//1770 1605//1770
f 1616//1771 1617//1771 1607//1771 1606//1771
f 1617//1772 1618//1772 1608//1772 1607//1772
f 1618//1773 1619//1773 1609//1773 1608//1773
f 1619//1774 1620//1774 1610//1774 1609//1774
f 1620//1775 1621//1775 1611//1775 1610//1775
f 1621//1776 1622//1776 1612//1776 1611//1776
f 1622//1777 1614//1777 1604//1777 1612//1777
f 1624//1778 1623//1778 1613//1778 1614//1778
f 1623//1779 1625//1779 1615//1779 1613//1779
f 1625//1780 1626//1780 1616//1780 1615//1780
f 1626//1781 1627//1781 1617//1781 1616//1781
f 1627//1782 1628//1782 1618//1782 1617//1782
f 1628//1783 1629//1783 1619//1783 1618//1783
f 1629//1784 1630//1784 1620//1784 1619//1784
f 1630//1785 1631//1785 1621//1785 1620//1785
f 1631//1786 1632//1786 1622//1786 1621//1786
f 1632//1787 1624//1787 1614//1787 1622//1787
f 1634//1788 1633//1788 1623//1788 1624//1788
f 1633//1789 1635//1789 1625//1789 1623//1789
f 1635//1790 1636//1790 1626//1790 1625//1790
f 1636//1791 1637//1791 1627//1791 1626//1791
f 1637//1792 1638//1792 1628//1792 1627//1792
f 1638//1793 1639//1793 1629//1793 1628//1793
f 1639//1794 1640//1794 1630//1794 1629//1794
f 1640//1795 1641//1795 1631//1795 1630//1795
f 1641//1796 1642//1796 1632//1796 1631//1796
f 1642//1797 1634//1797 1624//1797 1632//1797
f 1644//1798 1643//1798 1633//1798 1634//1798
f 1643//1799 1645//1799 1635//1799 1633//1799
f 1645//1800 1646//1800 1636//1800 1635//1800
f 1646//1801 1647//1801 1637//1801 1636//1801
f 1647//1802 1648//1802 1638//1802 1637//1802
f 1648//1803 1649//1803 1639//1803 1638//1803
f 1649//1804 1650//1804 1640//1804 1639//1804
f 1650//1805 1651//1805 1641//1805 1640//1805
f 1651//1806 1652//1806 1642//1806 1641//1806
f 1652//1807 1644//1807 1634//1807 1642//1807
f 1654//1808 1653//1808 1643//1808 1644//1808
f 1653//1809 1655//1809 1645//1809 1643//1809
f 1655//1810 1656//1810 1646//1810 1645//1810
f 1656//1811 1657//1811 1647//1811 1646//1811
f 1657//1812 1658//1812 1648//1812 1647//1812
f 1658//1813 1659//1813 1649//1813 1648//1813
f 1659//1814 1660//1814 1650//1814 1649//1814
f 1660//1815 1661//1815 1651//1815 1650//1815
f 1661//1816 1662//1816 1652//1816 1651//1816
f 1662//1817 1654//1817 1644//1817 1652//1817
f 1664//1818 1663//1818 1653//1818 1654//1818
f 1663//1819 1665//1819 1655//1819 1653//1819
f 1665//1820 1666//1820 1656//1820 1655//1820
f 1666//1821 1667//1821 1657//1821 1656//1821
f 1667//1822 1668//1822 1658//1822 1657//1822
f 1668//1823 1669//1823 1659//1823 1658//1823
f 1669//1824 1670//1824 1660//1824 1659//1824
f 1670//1825 1671//1825 1661//1825 1660//1825
f 1671//1826 1672//1826 1662//1826 1661//1826
f 1672//1827 1664//1827 1654//1827 1662//1827
f 1674//1828 1673//1828 1663//1828 1664//1828
f 1673//1829 1675//1829 1665//1829 1663//1829
f 1675//1830 1676//1830 1666//1830 1665//1830
f 1676//1831 1677//1831 1667//1831 1666//1831
f 1677//1832 1678//1832 1668//1832 1667//1832
f 1678//1833 1679//1833 1669//1833 1668//1833
f 1679//1834 1680//1834 1670//1834 1669//1834
f 1680//1835 1681//1835 1671//1835 1670//1835
f 1681//1836 1682//1836 1672//1836 1671//1836
f 1682//1837 1674//1837 1664//1837 1672//1837
f 1684//1838 1683//1838 1673//1838 1674//1838
f 1683//1839 1685//1839 1675//1839 1673//1839
f 1685//1840 1686//1840 1676//1840 1675//1840
f 1686//1841 1687//1841 1677//1841 1676//1841
f 1687//1842 1688//1842 1678//1842 1677//1842
f 1688//1843 1689//1843 1679//1843 1678//1843
f 1689//1844 1690//1844 1680//1844 1679//1844
f 1690//1845 1691//1845 1681//1845 1680//1845
f 1691//1846 1692//1846 1682//1846 1681//1846
f 1692//1847 1684//1847 1674//1847 1682//1847
f 1553//1848 1554//1848 1683//1848 1684//1848
f 1554//1849 1555//1849 1685//1849 1683//1849
f 1555//1850 1556//1850 1686//1850 1685//1850
f 1556//1851 1557//1851 1687//1851 1686//1851
f 1557//1852 1558//1852 1688//1852 1687//1852
f 1558//1853 1559//1853 1689//1853 1688//1853
f 1559//1854 1560//1854 1690//1854 1689//1854
f 1560//1855 1561//1855 1691//1855 1690//1855
f 1561//1856 1562//1856 1692//1856 1691//1856
f 1562//1857 1553//1857 1684//1857 1692//1857
usemtl mat12
f 1696//1858 1695//1858 1694//1858 1693//1858
f 1695//1859 1698//1859 1697//1859 1694//1859
f 1698//1860 1700//1860 1699//1860 1697//1860
f 1700//1861 1702//1861 1701//1861 1699//1861
f 1702//1862 1704//1862 1703//1862 1701//1862
f 1704//1863 1706//1863 1705//1863 1703//1863
f 1706//1864 1708//1864 1707//1864 1705//1864
f 1708//1865 1710//1865 1709//1865 1707//1865
f 1710//1866 1712//1866 1711//1866 1709//1866
f 1712//1867 1696//1867 1693//1867 1711//1867
f 1712//1868 1710//1868 1708//1868 1706//1868 1704//1868 1702//1868 1700//1868 1698//1868 1695//1868 1696//1868
f 1722//1869 1721//1869 1720//1869 1719//1869 1718//1869 1717//1869 1716//1869 1715//1869 1714//1869 1713//1869
f 1724//1870 1723//1870 1709//1870 1711//1870
f 1723//1871 1725//1871 1707//1871 1709//1871
f 1725//1872 1726//1872 1705//1872 1707//1872
f 1726//1873 1727//1873 1703//1873 1705//1873
f 1727//1874 1728//1874 1701//1874 1703//1874
f 1728//1875 1729//1875 1699//1875 1701//1875
f 1729//1876 1730//1876 1697//1876 1699//1876
f 1730//1877 1731//1877 1694//1877 1697//1877
f 1731//1878 1732//1878 1693//1878 1694//1878
f 1732//1879 1724//1879 1711//1879 1693//1879
f 1734//1880 1733//1880 1723//1880 1724//1880
f 1733//1881 1735//1881 1725//1881 1723//1881
f 1735//1882 1736//1882 1726//1882 1725//1882
f 1736//1883 1737//1883 1727//1883 1726//1883
f 1737//1884 1738//1884 1728//1884 1727//1884
f 1738//1885 1739//1885 1729//1885 1728//1885
f 1739//1886 1740//1886 1730//1886 1729//1886
f 1740//1887 1741//1887 1731//1887 1730//1887
f 1741//1888 1742//1888 1732//1888 1731//1888
f 1742//1889 1734//1889 1724//1889 1732//1889
f 1744//1890 1743//1890 1733//1890 1734//1890
f 1743//1891 1745//1891 1735//1891 1733//1891
f 1745//1892 1746//1892 1736//1892 1735//1892
f 1746//1893 1747//1893 1737//1893 1736//1893
f 1747//1894 1748//1894 1738//1894 1737//1894
f 1748//1895 1749//1895 1739//1895 1738//1895
f 1749//1896 1750//1896 1740//1896 1739//1896
f 1750//1897 1751//1897 1741//1897 1740//1897
f 1751//1898 1752//1898 1742//1898 1741//1898
f 1752//1899 1744//1899 1734//1899 1742//1899
f 1754//1900 1753//1900 1743//1900 1744//1900
f 1753//1901 1755//1901 1745//1901 1743//1901
f 1755//1902 1756//1902 1746//1902 1745//1902
f 1756//1903 1757//1903 1747//1903 1746//1903
f 1757//1904 1758//1904 1748//1904 1747//1904
f 1758//1905 1759//1905 1749//1905 1748//1905
f 1759//1906 1760//1906 1750//1906 1749//1906
f 1760//1907 1761//1907 1751//1907 1750//1907
f 1761//1908 1762//1908 1752//1908 1751//1908
f 1762//1909 1754//1909 1744//1909 1752//1909
f 1764//1910 1763//1910 1753//1910 1754//1910
f 1763//1911 1765//1911 1755//1911 1753//1911
f 1765//1912 1766//1912 1756//1912 1755//1912
f 1766//1913 1767//1913 1757//1913 1756//1913
f 1767//1914 1768//1914 1758//1914 1757//1914
f 1768//1915 1769//1915 1759//1915 1758//1915
f 1769//1916 1770//1916 1760//1916 1759//1916
f 1770//1917 1771//1917 1761//1917 1760//1917
f 1771//1918 1772//1918 1762//1918 1761//1918
f 1772//1919 1764//1919 1754//1919 1762//1919
f 1774//1920 1773//1920 1763//1920 1764//1920
f 1773//1921 1775//1921 1765//1921 1763//1921
f 1775//1922 1776//1922 1766//1922 1765//1922
f 1776//1923 1777//1923 1767//1923 1766//1923
f 1777//1924 1778//1924 1768//1924 1767//1924
f 1778//1925 1779//1925 1769//1925 1768//1925
f 1779//1926 1780//1926 1770//1926 1769//1926
f 1780//1927 1781//1927 1771//1927 1770//1927
f 1781//1928 1782//1928 1772//1928 1771//1928
f 1782//1929 1774//1929 1764//1929 1772//1929
f 1784//1930 1783//1930 1773//1930 1774//1930
f 1783//1931 1785//1931 1775//1931 1773//1931
f 1785//1932 1786//1932 1776//1932 1775//1932
f 1786//1933 1787//1933 1777//1933 1776//1933
f 1787//1934 1788//1934 1778//1934 1777//1934
f 1788//1935 1789//1935 1779//1935 1778//1935
f 1789//1936 1790//1936 1780//1936 1779//1936
f 1790//1937 1791//1937 1781//1937 1780//1937
f 1791//1938 1792//1938 1782//1938 1781//1938
f 1792//1939 1784//1939 1774//1939 1782//1939
f 1794//1940 1793//1940 1783//1940 1784//1940
f 1793//1941 1795//1941 1785//1941 1783//1941
f 1795//1942 1796//1942 1786//1942 1785//1942
f 1796//1943 1797//1943 1787//1943 1786//1943
f 1797//1944 1798//1944 1788//1944 1787//1944
f 1798//1945 1799//1945 1789//1945 1788//1945
f 1799//1946 1800//1946 1790//1946 1789//1946
f 1800//1947 1801//1947 1791//1947 1790//1947
f 1801//1948 1802//1948 1792//1948 1791//1948
f 1802//1949 1794//1949 1784//1949 1792//1949
f 1804//1950 1803//1950 1793//1950 1794//1950
f 1803//1951 1805//1951 1795//1951 1793//1951
f 1805//1952 1806//1952 1796//1952 1795//1952
f 1806//1953 1807//1953 1797//1953 1796//1953
f 1807//1954 1808//1954 1798//1954 1797//1954
f 1808//1955 1809//1955 1799//1955 1798//1955
f 1809//1956 1810//1956 1800//1956 1799//1956
f 1810//1957 1811//1957 1801//1957 1800//1957
f 1811//1958 1812//1958 1802//1958 1801//1958
f 1812//1959 1804//1959 1794//1959 1802//1959
f 1814//1960 1813//1960 1803//1960 1804//1960
f 1813//1961 1815//1961 1805//1961 1803//1961
f 1815//1962 1816//1962 1806//1962 1805//1962
f 1816//1963 1817//1963 1807//1963 1806//1963
f 1817//1964 1818//1964 1808//1964 1807//1964
f 1818//1965 1819//1965 1809//1965 1808//1965
f 1819//1966 1820//1966 1810//1966 1809//1966
f 1820//1967 1821//1967 1811//1967 1810//1967
f 1821//1968 1822//1968 1812//1968 1811//1968
f 1822//1969 1814//1969 1804//1969 1812//1969
f 1824//1970 1823//1970 1813//1970 1814//1970
f 1823//1971 1825//1971 1815//1971 1813//1971
f 1825//1972 1826//1972 1816//1972 1815//1972
f 1826//1973 1827//1973 1817//1973 1816//1973
f 1827//1974 1828//1974 1818//1974 1817//1974
f 1828//1975 1829//1975 1819//1975 1818//1975
f 1829//1976 1830//1976 1820//1976 1819//1976
f 1830//1977 1831//1977 1821//1977 1820//1977
f 1831//1978 1832//1978 1822//1978 1821//1978
f 1832//1979 1824//1979 1814//1979 1822//1979
f 1834//1980 1833//1980 1823//1980 1824//1980
f 1833//1981 1835//1981 1825//1981 1823//1981
f 1835//1982 1836//1982 1826//1982 1825//1982
f 1836//1983 1837//1983 1827//1983 1826//1983
f 1837//1984 1838//1984 1828//1984 1827//1984
f 1838//1985 1839//1985 1829//1985 1828//1985
f 1839//1986 1840//1986 1830//1986 1829//1986
f 1840//1987 1841//1987 1831//1987 1830//1987
f 1841//1988 1842//1988 1832//1988 1831//1988
f 1842//1989 1834//1989 1824//1989 1832//1989
f 1844//1990 1843//1990 1833//1990 1834//1990
f 1843//1991 1845//1991 1835//1991 1833//1991
f 1845//1992 1846//1992 1836//1992 1835//1992
f 1846//1993 1847//1993 1837//1993 1836//1993
f 1847//1994 1848//1994 1838//1994 1837//1994
f 1848//1995 1849//1995 1839//1995 1838//1995
f 1849//1996 1850//1996 1840//1996 1839//1996
f 1850//1997 1851//1997 1841//1997 1840//1997
f 1851//1998 1852//1998 1842//1998 1841//1998
f 1852//1999 1844//1999 1834//1999 1842//1999
f 1713//2000 1714//2000 1843//2000 1844//2000
f 1714//2001 1715//2001 1845//2001 1843//2001
f 1715//2002 1716//2002 1846//2002 1845//2002
f 1716//2003 1717//2003 1847//2003 1846//2003
f 1717//2004 1718//2004 1848//2004 1847//2004
f 1718//2005 1719//2005 1849//2005 1848//2005
f 1719//2006 1720//2006 1850//2006 1849//2006
f 1720//2007 1721//2007 1851//2007 1850//2007
f 1721//2008 1722//2008 1852//2008 1851//2008
f 1722//2009 1713//2009 1844//2009 1852//2009
f 1856//2010 1855//2010 1854//2010 1853//2010
f 1855//2011 1858//2011 1857//2011 1854//2011
f 1858//2012 1860//2012 1859//2012 1857//2012
f 1860//2013 1862//2013 1861//2013 1859//2013
f 1862//2014 1864//2014 1863//2014 1861//2014
f 1864//2015 1866//2015 1865//2015 1863//2015
f 1866//2016 1868//2016 1867//2016 1865//2016
f 1868//2017 1870//2017 1869//2017 1867//2017
f 1870//2018 1872//2018 1871//2018 1869//2018
f 1872//2019 1856//2019 1853//2019 1871//2019
f 1882//2020 1881//2020 1880//2020 1879//2020 1878//2020 1877//2020 1876//2020 1875//2020 1874//2020 1873//2020
f 1853//2021 1854//2021 1857//2021 1859//2021 1861//2021 1863//2021 1865//2021 1867//2021 1869//2021 1871//2021
f 1884//2022 1883//2022 1855//2022 1856//2022
f 1883//2023 1885//2023 1858//2023 1855//2023
f 1885//2024 1886//2024 1860//2024 1858//2024
f 1886//2025 1887//2025 1862//2025 1860//2025
f 1887//2026 1888//2026 1864//2026 1862//2026
f 1888//2027 1889//2027 1866//2027 1864//2027
f 1889//2028 1890//2028 1868//2028 1866//2028
f 1890//2029 1891//2029 1870//2029 1868//2029
f 1891//2030 1892//2030 1872//2030 1870//2030
f 1892//2031 1884//2031 1856//2031 1872//2031
f 1894//2032 1893//2032 1883//2032 1884//2032
f 1893//2033 1895//2033 1885//2033 1883//2033
f 1895//2034 1896//2034 1886//2034 1885//2034
f 1896//2035 1897//2035 1887//2035 1886//2035
f 1897//2036 1898//2036 1888//2036 1887//2036
f 1898//2037 1899//2037 1889//2037 1888//2037
f 1899//2038 1900//2038 1890//2038 1889//2038
f 1900//2039 1901//2039 1891//2039 1890//2039
f 1901//2040 1902//2040 1892//2040 1891//2040
f 1902//2041 1894//2041 1884//2041 1892//2041
f 1904//2042 1903//2042 1893//2042 1894//2042
f 1903//2043 1905//2043 1895//2043 1893//2043
f 1905//2044 1906//2044 1896//2044 1895//2044
f 1906//2045 1907//2045 1897//2045 1896//2045
f 1907//2046 1908//2046 1898//2046 1897//2046
f 1908//2047 1909//2047 1899//2047 1898//2047
f 1909//2048 1910//2048 1900//2048 1899//2048
f 1910//2049 1911//2049 1901//2049 1900//2049
f 1911//2050 1912//2050 1902//2050 1901//2050
f 1912//2051 1904//2051 1894//2051 1902//2051
f 1914//2052 1913//2052 1903//2052 1904//2052
f 1913//2053 1915//2053 1905//2053 1903//2053
f 1915//2054 1916//2054 1906//2054 1905//2054
f 1916//2055 1917//2055 1907//2055 1906//2055
f 1917//2056 1918//2056 1908//2056 1907//2056
f 1918//2057 1919//2057 1909//2057 1908//2057
f 1919//2058 1920//2058 1910//2058 1909//2058
f 1920//2059 1921//2059 1911//2059 1910//2059
f 1921//2060 1922//2060 1912//2060 1911//2060
f 1922//2061 1914//2061 1904//2061 1912//2061
f 1924//2062 1923//2062 1913//2062 1914//2062
f 1923//2063 1925//2063 1915//2063 1913//2063
f 1925//2064 1926//2064 1916//2064 1915//2064
f 1926//2065 1927//2065 1917//2065 1916//2065
f 1927//2066 1928//2066 1918//2066 1917//2066
f 1928//2067 1929//2067 1919//2067 1918//2067
f 1929//2068 1930//2068 1920//2068 1919//2068
f 1930//2069 1931//2069 1921//2069 1920//2069
f 1931//2070 1932//2070 1922//2070 1921//2070
f 1932//2071 1924//2071 1914//2071 1922//2071
f 1934//2072 1933//2072 1923//2072 1924//2072
f 1933//2073 1935//2073 1925//2073 1923//2073
f 1935//2074 1936//2074 1926//2074 1925//2074
f 1936//2075 1937//2075 1927//2075 1926//2075
f 1937//2076 1938//2076 1928//2076 1927//2076
f 1938//2077 1939//2077 1929//2077 1928//2077
f 1939//2078 1940//2078 1930//2078 1929//2078
f 1940//2079 1941//2079 1931//2079 1930//2079
f 1941//2080 1942//2080 1932//2080 1931//2080
f 1942//2081 1934//2081 1924//2081 1932//2081
f 1944//2082 1943//2082 1933//2082 1934//2082
f 1943//2083 1945//2083 1935//2083 1933//2083
f 1945//2084 1946//2084 1936//2084 1935//2084
f 1946//2085 1947//2085 1937//2085 1936//2085
f 1947//2086 1948//2086 1938//2086 1937//2086
f 1948//2087 1949//2087 1939//2087 1938//2087
f 1949//2088 1950//2088 1940//2088 1939//2088
f 1950//2089 1951//2089 1941//2089 1940//2089
f 1951//2090 1952//2090 1942//2090 1941//2090
f 1952//2091 1944//2091 1934//2091 1942//2091
f 1954//2092 1953//2092 1943//2092 1944//2092
f 1953//2093 1955//2093 1945//2093 1943//2093
f 1955//2094 1956//2094 1946//2094 1945//2094
f 1956//2095 1957//2095 1947//2095 1946//2095
f 1957//2096 1958//2096 1948//2096 1947//2096
f 1958//2097 1959//2097 1949//2097 1948//2097
f 1959//2098 1960//2098 1950//2098 1949//2098
f 1960//2099 1961//2099 1951//2099 1950//2099
f 1961//2100 1962//2100 1952//2100 1951//2100
f 1962//2101 1954//2101 1944//2101 1952//2101
f 1964//2102 1963//2102 1953//2102 1954//2102
f 1963//2103 1965//2103 1955//2103 1953//2103
f 1965//2104 1966//2104 1956//2104 1955//2104
f 1966//2105 1967//2105 1957//2105 1956//2105
f 1967//2106 1968//2106 1958//2106 1957//2106
f 1968//2107 1969//2107 1959//2107 1958//2107
f 1969//2108 1970//2108 1960//2108 1959//2108
f 1970//2109 1971//2109 1961//2109 1960//2109
f 1971//2110 1972//2110 1962//2110 1961//2110
f 1972//2111 1964//2111 1954//2111 1962//2111
f 1974//2112 1973//2112 1963//2112 1964//2112
f 1973//2113 1975//2113 1965//2113 1963//2113
f 1975//2114 1976//2114 1966//2114 1965//2114
f 1976//2115 1977//2115 1967//2115 1966//2115
f 1977//2116 1978//2116 1968//2116 1967//2116
f 1978//2117 1979//2117 1969//2117 1968//2117
f 1979//2118 1980//2118 1970//2118 1969//2118
f 1980//2119 1981//2119 1971//2119 1970//2119
f 1981//2120 1982//2120 1972//2120 1971//2120
f 1982//2121 1974//2121 1964//2121 1972//2121
f 1984//2122 1983//2122 1973//2122 1974//2122
f 1983//2123 1985//2123 1975//2123 1973//2123
f 1985//2124 1986//2124 1976//2124 1975//2124
f 1986//2125 1987//2125 1977//2125 1976//2125
f 1987//2126 1988//2126 1978//2126 1977//2126
f 1988//2127 1989//2127 1979//2127 1978//2127
f 1989//2128 1990//2128 1980//2128 1979//2128
f 1990//2129 1991//2129 1981//2129 1980//2129
f 1991//2130 1992//2130 1982//2130 1981//2130
f 1992//2131 1984//2131 1974//2131 1982//2131
f 1994//2132 1993//2132 1983//2132 1984//2132
f 1993//2133 1995//2133 1985//2133 1983//2133
f 1995//2134 1996//2134 1986//2134 1985//2134
f 1996//2135 1997//2135 1987//2135 1986//2135
f 1997//2136 1998//2136 1988//2136 1987//2136
f 1998//2137 1999//2137 1989//2137 1988//2137
f 1999//2138 2000//2138 1990//2138 1989//2138
f 2000//2139 2001//2139 1991//2139 1990//2139
f 2001//2140 2002//2140 1992//2140 1991//2140
f 2002//2141 1994//2141 1984//2141 1992//2141
f 2004//2142 2003//2142 1993//2142 1994//2142
f 2003//2143 2005//2143 1995//2143 1993//2143
f 2005//2144 2006//2144 1996//2144 1995//2144
f 2006//2145 2007//2145 1997//2145 1996//2145
f 2007//2146 2008//2146 1998//2146 1997//2146
f 2008//2147 2009//2147 1999//2147 1998//2147
f 2009//2148 2010//2148 2000//2148 1999//2148
f 2010//2149 2011//2149 2001//2149 2000//2149
f 2011//2150 2012//2150 2002//2150 2001//2150
f 2012//2151 2004//2151 1994//2151 2002//2151
f 2014//2152 2013//2152 2003//2152 2004//2152
f 2013//2153 2015//2153 2005//2153 2003//2153
f 2015//2154 2016//2154 2006//2154 2005//2154
f 2016//2155 2017//2155 2007//2155 2006//2155
f 2017//2156 2018//2156 2008//2156 2007//2156
f 2018//2157 2019//2157 2009//2157 2008//2157
f 2019//2158 2020//2158 2010//2158 2009//2158
f 2020//2159 2021//2159 2011//2159 2010//2159
f 2021//2160 2022//2160 2012//2160 2011//2160
f 2022//2161 2014//2161 2004//2161 2012//2161
f 2024//2162 2023//2162 2013//2162 2014//2162
f 2023//2163 2025//2163 2015//2163 2013//2163
f 2025//2164 2026//2164 2016//2164 2015//2164
f 2026//2165 2027//2165 2017//2165 2016//2165
f 2027//2166 2028//2166 2018//2166 2017//2166
f 2028//2167 2029//2167 2019//2167 2018//2167
f 2029//2168 2030//2168 2020//2168 2019//2168
f 2030//2169 2031//2169 2021//2169 2020//2169
f 2031//2170 2032//2170 2022//2170 2021//2170
f 2032//2171 2024//2171 2014//2171 2022//2171
f 1873//2172 1874//2172 2023//2172 2024//2172
f 1874//2173 1875//2173 2025//2173 2023//2173
f 1875//2174 1876//2174 2026//2174 2025//2174
f 1876//2175 1877//2175 2027//2175 2026//2175
f 1877//2176 1878//2176 2028//2176 2027//2176
f 1878//2177 1879//2177 2029//2177 2028//2177
f 1879//2178 1880//2178 2030//2178 2029//2178
f 1880//2179 1881//2179 2031//2179 2030//2179
f 1881//2180 1882//2180 2032//2180 2031//2180
f 1882//2181 1873//2181 2024//2181 2032//2181
